timepoints,x_1,x_5,x_2,x_3,x_4,x_6,x_vcc,x_vin
0.000000,0.000000,0.000000,0.000000,0.000000,0.000000,0.000000,0.000000,0.000000
1.000000,0.000050,0.136364,0.000000,0.000100,0.000000,9.998500,-0.014998,-13.636364
3.000000,0.000153,0.720777,0.000000,0.000300,0.000000,10.000000,-0.015000,-29.220819
3.500000,0.000521,0.881978,0.000011,0.000350,0.000000,10.000000,-0.014999,-32.310929
3.625000,0.000933,0.922844,0.000030,0.000362,0.000000,10.000000,-0.014999,-33.032374
3.875000,0.009084,0.997387,0.003070,0.000387,0.000000,10.000002,-0.014995,-34.288906
4.375000,0.058599,1.084170,0.048635,0.000437,0.000000,10.000005,-0.014970,-36.368057
4.500000,0.072681,1.102369,0.062440,0.000450,0.000000,10.000006,-0.014963,-36.865096
4.750000,0.103376,1.135505,0.093060,0.000475,0.000000,10.000006,-0.014948,-37.776332
4.812500,0.111163,1.143690,0.100840,0.000481,0.000000,10.000006,-0.014944,-37.999026
4.937500,0.127019,1.160017,0.116692,0.000494,0.000000,10.000006,-0.014936,-38.424005
5.187500,0.159480,1.193083,0.149152,0.000519,0.000000,10.000007,-0.014920,-39.191297
5.250000,0.167638,1.201379,0.157310,0.000525,0.000000,10.000007,-0.014916,-39.377935
5.375000,0.184112,1.218099,0.173784,0.000537,0.000000,10.000007,-0.014907,-39.730311
5.625000,0.217599,1.252007,0.207271,0.000562,0.000000,10.000007,-0.014891,-40.350294
5.687500,0.226004,1.260512,0.215676,0.000569,0.000000,10.000007,-0.014886,-40.499974
5.812500,0.242934,1.277627,0.232606,0.000581,0.000000,10.000007,-0.014878,-40.777940
6.062500,0.277205,1.312209,0.266877,0.000606,0.000000,10.000007,-0.014861,-41.247416
6.125000,0.285797,1.320876,0.275469,0.000612,0.000000,10.000007,-0.014856,-41.359369
6.250000,0.303071,1.338283,0.292743,0.000625,0.000000,10.000007,-0.014848,-41.561516
6.500000,0.337901,1.373323,0.327572,0.000650,0.000000,10.000007,-0.014830,-41.878209
6.562500,0.346625,1.382096,0.336296,0.000656,0.000000,10.000007,-0.014826,-41.951899
6.687500,0.364129,1.399684,0.353801,0.000669,0.000001,10.000007,-0.014817,-42.077294
6.937500,0.399292,1.434960,0.388964,0.000694,0.000001,10.000007,-0.014800,-42.239893
7.000000,0.408091,1.443784,0.397763,0.000700,0.000001,10.000007,-0.014795,-42.275027
7.125000,0.425714,1.461444,0.415386,0.000712,0.000001,10.000007,-0.014786,-42.323223
7.375000,0.460985,1.496732,0.450656,0.000737,0.000001,10.000007,-0.014769,-42.331393
7.437500,0.469803,1.505551,0.459474,0.000744,0.000001,10.000007,-0.014764,-42.327923
7.562500,0.487431,1.523168,0.477102,0.000756,0.000001,10.000007,-0.014756,-42.298963
7.812500,0.522583,1.558245,0.512255,0.000781,0.000001,10.000007,-0.014738,-42.153349
7.875000,0.531364,1.567004,0.521035,0.000787,0.000001,10.000007,-0.014734,-42.111472
8.000000,0.548886,1.584467,0.538557,0.000800,0.000001,10.000007,-0.014725,-42.005888
8.250000,0.583698,1.619110,0.573369,0.000825,0.000001,10.000007,-0.014707,-41.708114
8.312500,0.592386,1.627752,0.582057,0.000831,0.000001,10.000007,-0.014703,-41.628269
8.437500,0.609690,1.644950,0.599361,0.000844,0.000001,10.000007,-0.014694,-41.447081
8.687500,0.643943,1.678938,0.633614,0.000869,0.000002,10.000007,-0.014677,-40.999735
8.750000,0.652484,1.687409,0.642154,0.000875,0.000002,10.000007,-0.014673,-40.882605
8.875000,0.669462,1.704233,0.659133,0.000887,0.000002,10.000007,-0.014664,-40.627313
9.125000,0.702943,1.737350,0.692614,0.000912,0.000002,10.000007,-0.014648,-40.033937
9.187500,0.711283,1.745595,0.700953,0.000919,0.000002,10.000007,-0.014643,-39.880440
9.312500,0.727830,1.761938,0.717501,0.000931,0.000002,10.000007,-0.014635,-39.553017
9.562500,0.760331,1.793974,0.750002,0.000956,0.000002,10.000007,-0.014619,-38.818083
9.625000,0.768419,1.801940,0.758089,0.000962,0.000002,10.000006,-0.014615,-38.629370
9.750000,0.784433,1.817698,0.774103,0.000975,0.000002,10.000006,-0.014607,-38.232247
10.000000,0.815756,1.848447,0.805426,0.001000,0.000003,10.000006,-0.014591,-37.361131
10.062500,0.823542,1.856084,0.813212,0.001006,0.000003,10.000006,-0.014587,-37.138578
10.187500,0.838926,1.871155,0.828596,0.001019,0.000003,10.000006,-0.014580,-36.674634
10.437500,0.868880,1.900420,0.858550,0.001044,0.000003,10.000006,-0.014565,-35.673584
10.500000,0.876318,1.907680,0.865987,0.001050,0.000003,10.000006,-0.014561,-35.418785
10.625000,0.890978,1.921967,0.880648,0.001062,0.000003,10.000006,-0.014553,-34.891326
10.875000,0.919386,1.949559,0.909055,0.001087,0.000003,10.000006,-0.014539,-33.767428
10.937500,0.926430,1.956394,0.916099,0.001094,0.000003,10.000006,-0.014536,-33.482182
11.062500,0.940281,1.969805,0.929950,0.001106,0.000003,10.000006,-0.014529,-32.894926
11.312500,0.966975,1.995545,0.956644,0.001131,0.000004,10.000005,-0.014515,-31.656064
11.812500,1.015948,2.042293,1.005616,0.001181,0.000004,10.000005,-0.014491,-28.944597
11.937500,1.027915,2.053670,1.017582,0.001194,0.000004,10.000005,-0.014485,-28.252511
12.187500,1.050683,2.075154,1.040351,0.001219,0.000005,10.000005,-0.014473,-26.814626
12.687500,1.091251,2.112742,1.080917,0.001269,0.000005,10.000004,-0.014453,-23.750914
12.812500,1.101085,2.121783,1.090751,0.001281,0.000005,10.000004,-0.014448,-22.973685
13.062500,1.119473,2.138435,1.109138,0.001306,0.000006,10.000004,-0.014439,-21.377596
13.562500,1.150894,2.165802,1.140558,0.001356,0.000006,10.000003,-0.014423,-18.048587
14.562500,1.191589,2.195299,1.181246,0.001456,0.000007,10.000002,-0.014403,-11.095595
16.562500,1.199615,2.143649,1.189170,0.001656,0.000010,10.000000,-0.014399,1.777377
20.562500,1.199787,1.720213,1.188695,0.002056,0.000015,10.000000,-0.014398,10.585893
28.562500,1.200129,1.415316,1.187745,0.002856,0.000024,10.000000,-0.014397,3.811206
44.562500,1.200814,1.473892,1.185847,0.004455,0.000043,10.000000,-0.014395,-0.366097
76.562500,1.202183,1.500880,1.182065,0.007653,0.000082,10.000000,-0.014391,-0.084339
140.562500,1.204920,1.500134,1.174548,0.014044,0.000159,10.000000,-0.014383,0.001167
268.562500,1.210391,1.499999,1.159704,0.026809,0.000314,10.000000,-0.014368,0.000105
524.562500,1.221315,1.500000,1.130756,0.052275,0.000626,10.000000,-0.014337,-0.000000
1036.562500,1.243097,1.500000,1.075681,0.102948,0.001262,10.000000,-0.014276,-0.000000
2060.562500,1.286395,1.500000,0.975764,0.203267,0.002577,10.000000,-0.014154,-0.000000
4108.562500,1.371122,1.500000,0.810598,0.399877,0.005374,10.000000,-0.013915,-0.000000
8204.562500,1.378356,1.500000,0.692386,0.777626,0.010975,10.000000,-0.013533,-0.000040
9228.562500,1.361591,1.500000,0.682693,0.871106,0.012356,10.000000,-0.013448,-0.000059
11276.562500,1.313214,1.500000,0.679552,1.054313,0.015015,10.000000,-0.013289,-0.000066
11788.562500,1.300725,1.500000,0.679221,1.099882,0.015673,10.000000,-0.013250,-0.000067
12812.562500,1.275440,1.500000,0.679047,1.190095,0.016962,10.000000,-0.013172,-0.000068
14860.562500,1.225209,1.500000,0.678994,1.366901,0.019431,10.000000,-0.013020,-0.000068
15372.562500,1.212683,1.500000,0.678988,1.410878,0.020042,10.000000,-0.012983,-0.000068
16396.562500,1.187777,1.500000,0.678985,1.497939,0.021236,10.000000,-0.012908,-0.000068
18444.562500,1.138570,1.500000,0.678985,1.668566,0.023520,10.000000,-0.012762,-0.000068
18956.562500,1.126306,1.500000,0.678984,1.711006,0.024084,10.000000,-0.012726,-0.000068
19980.562500,1.101929,1.500000,0.678984,1.795025,0.025187,10.000000,-0.012654,-0.000068
22028.562500,1.053771,1.500000,0.678984,1.959691,0.027289,10.000000,-0.012513,-0.000068
22540.562500,1.041768,1.500000,0.678984,2.000647,0.027808,10.000000,-0.012478,-0.000068
23564.562500,1.017911,1.500000,0.678984,2.081730,0.028821,10.000000,-0.012409,-0.000068
25612.562500,0.970782,1.500000,0.678984,2.240642,0.030746,10.000000,-0.012274,-0.000068
26124.562500,0.959036,1.500000,0.678984,2.280168,0.031221,10.000000,-0.012240,-0.000068
27148.562500,0.935691,1.500000,0.678983,2.358417,0.032146,10.000000,-0.012174,-0.000068
29196.562500,0.889610,1.500000,0.678978,2.511776,0.033899,10.000000,-0.012043,-0.000070
29708.562500,0.878132,1.500000,0.678976,2.549921,0.034331,10.000000,-0.012011,-0.000071
30732.562500,0.855369,1.500000,0.678963,2.625436,0.035171,10.000000,-0.011947,-0.000075
32780.562500,0.811167,1.500000,0.678857,2.773436,0.036757,10.000000,-0.011821,-0.000108
33292.562500,0.800290,1.500000,0.678802,2.810248,0.037148,10.000000,-0.011790,-0.000129
34316.562500,0.779581,1.500000,0.678572,2.883125,0.037907,10.000000,-0.011727,-0.000205
36364.562500,0.746704,1.500000,0.677450,3.025953,0.039356,10.000000,-0.011601,-0.000558
36876.562500,0.739493,1.500000,0.677016,3.061478,0.039714,10.000000,-0.011569,-0.000717
37900.562500,0.728824,1.500000,0.675973,3.131809,0.040419,10.000000,-0.011504,-0.001049
39948.562500,0.718020,1.500000,0.674305,3.269646,0.041804,10.000000,-0.011371,-0.001561
40460.562500,0.715957,1.500000,0.673914,3.303930,0.042149,10.000000,-0.011338,-0.001685
41484.562500,0.713409,1.500000,0.673351,3.371803,0.042835,10.000000,-0.011271,-0.001853
43532.562500,0.711183,1.500000,0.672801,3.504824,0.044201,10.000000,-0.011140,-0.002015
44044.562500,0.710766,1.500000,0.672694,3.537910,0.044543,10.000000,-0.011107,-0.002047
45068.562500,0.710266,1.500000,0.672560,3.603411,0.045224,10.000000,-0.011041,-0.002085
47116.562500,0.709839,1.500000,0.672443,3.731784,0.046582,10.000000,-0.010913,-0.002119
47628.562500,0.709759,1.500000,0.672421,3.763714,0.046921,10.000000,-0.010881,-0.002125
48652.562500,0.709664,1.500000,0.672395,3.826926,0.047599,10.000000,-0.010818,-0.002133
50700.562500,0.709584,1.500000,0.672372,3.950813,0.048952,10.000000,-0.010694,-0.002140
51212.562500,0.709569,1.500000,0.672368,3.981627,0.049290,10.000000,-0.010664,-0.002141
52236.562500,0.709552,1.500000,0.672363,4.042631,0.049966,10.000000,-0.010603,-0.002142
54284.562500,0.709538,1.500000,0.672359,4.162189,0.051314,10.000000,-0.010483,-0.002143
54796.562500,0.709535,1.500000,0.672359,4.191927,0.051651,10.000000,-0.010453,-0.002144
55820.562500,0.709532,1.500000,0.672358,4.250798,0.052324,10.000000,-0.010394,-0.002144
57868.562500,0.709531,1.500000,0.672357,4.366179,0.053667,10.000000,-0.010279,-0.002144
58380.562500,0.709531,1.500000,0.672357,4.394877,0.054002,10.000000,-0.010250,-0.002144
59404.562500,0.709531,1.500000,0.672357,4.451692,0.054673,10.000000,-0.010194,-0.002144
61452.562500,0.709532,1.500000,0.672357,4.563041,0.056011,10.000000,-0.010082,-0.002144
61964.562500,0.709532,1.500000,0.672357,4.590736,0.056346,10.000000,-0.010054,-0.002144
62988.562500,0.709533,1.500000,0.672358,4.645566,0.057014,10.000000,-0.010000,-0.002144
65036.562500,0.709534,1.500000,0.672358,4.753024,0.058348,10.000000,-0.009892,-0.002144
65548.562500,0.709535,1.500000,0.672358,4.779752,0.058681,10.000000,-0.009865,-0.002144
66572.562500,0.709536,1.500000,0.672358,4.832665,0.059347,10.000000,-0.009813,-0.002143
68620.562500,0.709537,1.500000,0.672359,4.936368,0.060675,10.000000,-0.009709,-0.002143
69132.562500,0.709538,1.500000,0.672359,4.962162,0.061008,10.000000,-0.009683,-0.002143
70156.562500,0.709538,1.500000,0.672359,5.013227,0.061671,10.000000,-0.009632,-0.002143
72204.562500,0.709540,1.500000,0.672359,5.113306,0.062995,10.000000,-0.009532,-0.002143
72716.562500,0.709540,1.500000,0.672359,5.138198,0.063326,10.000000,-0.009507,-0.002143
73740.562500,0.709541,1.500000,0.672359,5.187479,0.063987,10.000000,-0.009458,-0.002143
75788.562500,0.709543,1.500000,0.672360,5.284061,0.065306,10.000000,-0.009361,-0.002143
76300.562500,0.709543,1.500000,0.672360,5.308084,0.065636,10.000000,-0.009337,-0.002143
77324.562500,0.709544,1.500000,0.672360,5.355642,0.066295,10.000000,-0.009290,-0.002143
79372.562500,0.709546,1.500000,0.672360,5.448849,0.067609,10.000000,-0.009196,-0.002143
79884.562500,0.709546,1.500000,0.672361,5.472033,0.067938,10.000000,-0.009173,-0.002143
80908.562500,0.709547,1.500000,0.672361,5.517929,0.068594,10.000000,-0.009127,-0.002143
82956.562500,0.709548,1.500000,0.672361,5.607880,0.069904,10.000000,-0.009037,-0.002142
83468.562500,0.709549,1.500000,0.672361,5.630253,0.070232,10.000000,-0.009015,-0.002142
84492.562500,0.709549,1.500000,0.672361,5.674545,0.070886,10.000000,-0.008971,-0.002142
86540.562500,0.709551,1.500000,0.672362,5.761353,0.072191,10.000000,-0.008884,-0.002142
87052.562500,0.709551,1.500000,0.672362,5.782944,0.072517,10.000000,-0.008862,-0.002142
88076.562500,0.709552,1.500000,0.672362,5.825689,0.073169,10.000000,-0.008820,-0.002142
90124.562500,0.709554,1.500000,0.672362,5.909463,0.074469,10.000000,-0.008736,-0.002142
90636.562500,0.709554,1.500000,0.672362,5.930300,0.074794,10.000000,-0.008715,-0.002142
91660.562500,0.709555,1.500000,0.672363,5.971552,0.075444,10.000000,-0.008674,-0.002142
93708.562500,0.709557,1.500000,0.672363,6.052398,0.076740,10.000000,-0.008593,-0.002142
94220.562500,0.709557,1.500000,0.672363,6.072507,0.077064,10.000000,-0.008573,-0.002142
95244.562500,0.709558,1.500000,0.672363,6.112317,0.077711,10.000000,-0.008533,-0.002142
97292.562500,0.709559,1.500000,0.672364,6.190339,0.079002,10.000000,-0.008455,-0.002142
97804.562500,0.709560,1.500000,0.672364,6.209745,0.079325,10.000000,-0.008435,-0.002142
98828.562500,0.709560,1.500000,0.672364,6.248164,0.079969,10.000000,-0.008397,-0.002141
100876.562500,0.709562,1.500000,0.672364,6.323459,0.081256,10.000000,-0.008322,-0.002141
101388.562500,0.709562,1.500000,0.672364,6.342187,0.081578,10.000000,-0.008303,-0.002141
102412.562500,0.709563,1.500000,0.672364,6.379264,0.082220,10.000000,-0.008266,-0.002141
104460.562500,0.709565,1.500000,0.672365,6.451928,0.083502,10.000000,-0.008193,-0.002141
104972.562500,0.709565,1.500000,0.672365,6.470002,0.083823,10.000000,-0.008175,-0.002141
105996.562500,0.709566,1.500000,0.672365,6.505783,0.084463,10.000000,-0.008139,-0.002141
108044.562500,0.709567,1.500000,0.672365,6.575908,0.085740,10.000000,-0.008069,-0.002141
108556.562500,0.709568,1.500000,0.672365,6.593350,0.086059,10.000000,-0.008052,-0.002141
109580.562500,0.709568,1.500000,0.672366,6.627881,0.086697,10.000000,-0.008017,-0.002141
111628.562500,0.709570,1.500000,0.672366,6.695556,0.087970,10.000000,-0.007950,-0.002141
112140.562500,0.709570,1.500000,0.672366,6.712388,0.088288,10.000000,-0.007933,-0.002141
113164.562500,0.709571,1.500000,0.672366,6.745712,0.088924,10.000000,-0.007900,-0.002141
115212.562500,0.709573,1.500000,0.672367,6.811022,0.090192,10.000000,-0.007834,-0.002140
115724.562500,0.709573,1.500000,0.672367,6.827267,0.090509,10.000000,-0.007818,-0.002140
116748.562500,0.709574,1.500000,0.672367,6.859426,0.091143,10.000000,-0.007786,-0.002140
118796.562500,0.709575,1.500000,0.672367,6.922454,0.092407,10.000000,-0.007723,-0.002140
119308.562500,0.709576,1.500000,0.672367,6.938131,0.092723,10.000000,-0.007707,-0.002140
120332.562500,0.709576,1.500000,0.672367,6.969167,0.093354,10.000000,-0.007676,-0.002140
122380.562500,0.709578,1.500000,0.672368,7.029993,0.094613,10.000000,-0.007615,-0.002140
122892.562500,0.709578,1.500000,0.672368,7.045122,0.094928,10.000000,-0.007600,-0.002140
123916.562500,0.709579,1.500000,0.672368,7.075073,0.095556,10.000000,-0.007570,-0.002140
125964.562500,0.709581,1.500000,0.672368,7.133773,0.096811,10.000000,-0.007511,-0.002140
126476.562500,0.709581,1.500000,0.672369,7.148373,0.097125,10.000000,-0.007497,-0.002140
127500.562500,0.709582,1.500000,0.672369,7.177278,0.097751,10.000000,-0.007468,-0.002140
129548.562500,0.709583,1.500000,0.672369,7.233927,0.099002,10.000000,-0.007411,-0.002140
130060.562500,0.709584,1.500000,0.672369,7.248017,0.099314,10.000000,-0.007397,-0.002140
131084.562500,0.709584,1.500000,0.672369,7.275912,0.099939,10.000000,-0.007369,-0.002140
133132.562500,0.709586,1.500000,0.672370,7.330582,0.101185,10.000000,-0.007315,-0.002139
133644.562500,0.709586,1.500000,0.672370,7.344180,0.101496,10.000000,-0.007301,-0.002139
134668.562500,0.709587,1.500000,0.672370,7.371100,0.102118,10.000000,-0.007274,-0.002139
136716.562500,0.709589,1.500000,0.672370,7.423859,0.103360,10.000000,-0.007221,-0.002139
137228.562500,0.709589,1.500000,0.672370,7.436982,0.103670,10.000000,-0.007208,-0.002139
138252.562500,0.709590,1.500000,0.672370,7.462961,0.104290,10.000000,-0.007182,-0.002139
140300.562500,0.709591,1.500000,0.672371,7.513877,0.105527,10.000000,-0.007131,-0.002139
140812.562500,0.709592,1.500000,0.672371,7.526541,0.105836,10.000000,-0.007119,-0.002139
141836.562500,0.709592,1.500000,0.672371,7.551612,0.106454,10.000000,-0.007094,-0.002139
143884.562500,0.709594,1.500000,0.672371,7.600749,0.107686,10.000000,-0.007044,-0.002139
144396.562500,0.709594,1.500000,0.672371,7.612971,0.107994,10.000000,-0.007032,-0.002139
145420.562500,0.709595,1.500000,0.672372,7.637166,0.108610,10.000000,-0.007008,-0.002139
147468.562500,0.709596,1.500000,0.672372,7.684586,0.109838,10.000000,-0.006961,-0.002139
147980.562500,0.709597,1.500000,0.672372,7.696380,0.110145,10.000000,-0.006949,-0.002139
149004.562500,0.709597,1.500000,0.672372,7.719730,0.110758,10.000000,-0.006925,-0.002138
151052.562500,0.709599,1.500000,0.672373,7.765493,0.111982,10.000000,-0.006880,-0.002138
151564.562500,0.709599,1.500000,0.672373,7.776875,0.112288,10.000000,-0.006868,-0.002138
152588.562500,0.709600,1.500000,0.672373,7.799409,0.112899,10.000000,-0.006846,-0.002138
154636.562500,0.709601,1.500000,0.672373,7.843573,0.114118,10.000000,-0.006802,-0.002138
155148.562500,0.709602,1.500000,0.672373,7.854558,0.114423,10.000000,-0.006791,-0.002138
156172.562500,0.709603,1.500000,0.672373,7.876304,0.115032,10.000000,-0.006769,-0.002138
158220.562500,0.709604,1.500000,0.672374,7.918925,0.116247,10.000000,-0.006726,-0.002138
158732.562500,0.709604,1.500000,0.672374,7.929525,0.116551,10.000000,-0.006716,-0.002138
159756.562500,0.709605,1.500000,0.672374,7.950512,0.117158,10.000000,-0.006695,-0.002138
161804.562500,0.709607,1.500000,0.672374,7.991643,0.118368,10.000000,-0.006654,-0.002138
162316.562500,0.709607,1.500000,0.672374,8.001874,0.118671,10.000000,-0.006643,-0.002138
163340.562500,0.709608,1.500000,0.672375,8.022127,0.119275,10.000000,-0.006623,-0.002138
165388.562500,0.709609,1.500000,0.672375,8.061821,0.120482,10.000000,-0.006583,-0.002138
165900.562500,0.709610,1.500000,0.672375,8.071694,0.120783,10.000000,-0.006574,-0.002138
166924.562500,0.709610,1.500000,0.672375,8.091240,0.121386,10.000000,-0.006554,-0.002137
168972.562500,0.709612,1.500000,0.672375,8.129547,0.122588,10.000000,-0.006516,-0.002137
169484.562500,0.709612,1.500000,0.672376,8.139075,0.122888,10.000000,-0.006506,-0.002137
170508.562500,0.709613,1.500000,0.672376,8.157937,0.123489,10.000000,-0.006487,-0.002137
172556.562500,0.709614,1.500000,0.672376,8.194906,0.124687,10.000000,-0.006450,-0.002137
173068.562500,0.709615,1.500000,0.672376,8.204101,0.124986,10.000000,-0.006441,-0.002137
174092.562500,0.709615,1.500000,0.672376,8.222304,0.125584,10.000000,-0.006423,-0.002137
176140.562500,0.709617,1.500000,0.672377,8.257981,0.126778,10.000000,-0.006387,-0.002137
176652.562500,0.709617,1.500000,0.672377,8.266854,0.127076,10.000000,-0.006378,-0.002137
177676.562500,0.709618,1.500000,0.672377,8.284422,0.127672,10.000000,-0.006361,-0.002137
179724.562500,0.709619,1.500000,0.672377,8.318852,0.128861,10.000000,-0.006326,-0.002137
180236.562500,0.709620,1.500000,0.672377,8.327416,0.129158,10.000000,-0.006318,-0.002137
181260.562500,0.709620,1.500000,0.672377,8.344369,0.129752,10.000000,-0.006301,-0.002137
183308.562500,0.709622,1.500000,0.672378,8.377596,0.130937,10.000000,-0.006268,-0.002137
183820.562500,0.709622,1.500000,0.672378,8.385860,0.131233,10.000000,-0.006259,-0.002137
184844.562500,0.709623,1.500000,0.672378,8.402222,0.131825,10.000000,-0.006243,-0.002136
186892.562500,0.709624,1.500000,0.672378,8.434287,0.133006,10.000000,-0.006211,-0.002136
187404.562500,0.709625,1.500000,0.672378,8.442263,0.133301,10.000000,-0.006203,-0.002136
188428.562500,0.709625,1.500000,0.672379,8.458053,0.133891,10.000000,-0.006187,-0.002136
190476.562500,0.709627,1.500000,0.672379,8.488998,0.135067,10.000000,-0.006156,-0.002136
190988.562500,0.709627,1.500000,0.672379,8.496695,0.135361,10.000000,-0.006148,-0.002136
192012.562500,0.709628,1.500000,0.672379,8.511933,0.135949,10.000000,-0.006133,-0.002136
194060.562500,0.709629,1.500000,0.672379,8.541797,0.137121,10.000000,-0.006103,-0.002136
194572.562500,0.709630,1.500000,0.672380,8.549225,0.137414,10.000000,-0.006096,-0.002136
195596.562500,0.709630,1.500000,0.672380,8.563930,0.138000,10.000000,-0.006081,-0.002136
197644.562500,0.709632,1.500000,0.672380,8.592750,0.139168,10.000000,-0.006052,-0.002136
198156.562500,0.709632,1.500000,0.672380,8.599919,0.139460,10.000000,-0.006045,-0.002136
199180.562500,0.709633,1.500000,0.672380,8.614110,0.140043,10.000000,-0.006031,-0.002136
201228.562500,0.709634,1.500000,0.672381,8.641924,0.141207,10.000000,-0.006003,-0.002136
201740.562500,0.709634,1.500000,0.672381,8.648842,0.141498,10.000000,-0.005996,-0.002136
202764.562500,0.709635,1.500000,0.672381,8.662537,0.142079,10.000000,-0.005983,-0.002135
204812.562500,0.709637,1.500000,0.672381,8.689379,0.143239,10.000000,-0.005956,-0.002135
205324.562500,0.709637,1.500000,0.672381,8.696055,0.143529,10.000000,-0.005949,-0.002135
206348.562500,0.709638,1.500000,0.672381,8.709272,0.144108,10.000000,-0.005936,-0.002135
208396.562500,0.709639,1.500000,0.672382,8.735176,0.145264,10.000000,-0.005910,-0.002135
208908.562500,0.709639,1.500000,0.672382,8.741619,0.145553,10.000000,-0.005904,-0.002135
209932.562500,0.709640,1.500000,0.672382,8.754374,0.146130,10.000000,-0.005891,-0.002135
211980.562500,0.709641,1.500000,0.672382,8.779372,0.147282,10.000000,-0.005866,-0.002135
212492.562500,0.709642,1.500000,0.672382,8.785590,0.147569,10.000000,-0.005860,-0.002135
213516.562500,0.709642,1.500000,0.672382,8.797900,0.148144,10.000000,-0.005847,-0.002135
215564.562500,0.709644,1.500000,0.672383,8.822025,0.149292,10.000000,-0.005823,-0.002135
216076.562500,0.709644,1.500000,0.672383,8.828025,0.149579,10.000000,-0.005817,-0.002135
217100.562500,0.709645,1.500000,0.672383,8.839904,0.150152,10.000000,-0.005805,-0.002135
219148.562500,0.709646,1.500000,0.672383,8.863186,0.151295,10.000000,-0.005782,-0.002135
219660.562500,0.709647,1.500000,0.672383,8.868977,0.151581,10.000000,-0.005776,-0.002135
220684.562500,0.709647,1.500000,0.672384,8.880441,0.152152,10.000000,-0.005765,-0.002134
222732.562500,0.709649,1.500000,0.672384,8.902910,0.153291,10.000000,-0.005742,-0.002134
223244.562500,0.709649,1.500000,0.672384,8.908498,0.153576,10.000000,-0.005737,-0.002134
224268.562500,0.709650,1.500000,0.672384,8.919562,0.154145,10.000000,-0.005726,-0.002134
226316.562500,0.709651,1.500000,0.672384,8.941245,0.155280,10.000000,-0.005704,-0.002134
226828.562500,0.709651,1.500000,0.672384,8.946639,0.155564,10.000000,-0.005699,-0.002134
227852.562500,0.709652,1.500000,0.672385,8.957316,0.156131,10.000000,-0.005688,-0.002134
229900.562500,0.709653,1.500000,0.672385,8.978241,0.157262,10.000000,-0.005667,-0.002134
230412.562500,0.709654,1.500000,0.672385,8.983446,0.157545,10.000000,-0.005662,-0.002134
231436.562500,0.709655,1.500000,0.672385,8.993750,0.158109,10.000000,-0.005651,-0.002134
233484.562500,0.709656,1.500000,0.672386,9.013944,0.159237,10.000000,-0.005631,-0.002134
233996.562500,0.709656,1.500000,0.672386,9.018967,0.159518,10.000000,-0.005626,-0.002134
235020.562500,0.709657,1.500000,0.672386,9.028911,0.160081,10.000000,-0.005616,-0.002134
237068.562500,0.709658,1.500000,0.672386,9.048400,0.161204,10.000000,-0.005597,-0.002134
237580.562500,0.709659,1.500000,0.672386,9.053247,0.161485,10.000000,-0.005592,-0.002134
238604.562500,0.709659,1.500000,0.672386,9.062844,0.162046,10.000000,-0.005582,-0.002134
240652.562500,0.709661,1.500000,0.672387,9.081652,0.163165,10.000000,-0.005564,-0.002133
241164.562500,0.709661,1.500000,0.672387,9.086330,0.163445,10.000000,-0.005559,-0.002133
242188.562500,0.709662,1.500000,0.672387,9.095591,0.164003,10.000000,-0.005550,-0.002133
244236.562500,0.709663,1.500000,0.672387,9.113741,0.165119,10.000000,-0.005531,-0.002133
244748.562500,0.709663,1.500000,0.672387,9.118256,0.165397,10.000000,-0.005527,-0.002133
245772.562500,0.709664,1.500000,0.672387,9.127193,0.165954,10.000000,-0.005518,-0.002133
247820.562500,0.709665,1.500000,0.672388,9.144710,0.167065,10.000000,-0.005500,-0.002133
248332.562500,0.709666,1.500000,0.672388,9.149067,0.167343,10.000000,-0.005496,-0.002133
249356.562500,0.709666,1.500000,0.672388,9.157692,0.167898,10.000000,-0.005487,-0.002133
251404.562500,0.709668,1.500000,0.672388,9.174596,0.169005,10.000000,-0.005471,-0.002133
251916.562500,0.709668,1.500000,0.672388,9.178801,0.169282,10.000000,-0.005466,-0.002133
252940.562500,0.709669,1.500000,0.672388,9.187124,0.169834,10.000000,-0.005458,-0.002133
254988.562500,0.709670,1.500000,0.672389,9.203438,0.170938,10.000000,-0.005442,-0.002133
255500.562500,0.709670,1.500000,0.672389,9.207496,0.171213,10.000000,-0.005438,-0.002133
256524.562500,0.709671,1.500000,0.672389,9.215529,0.171764,10.000000,-0.005430,-0.002133
258572.562500,0.709672,1.500000,0.672389,9.231272,0.172864,10.000000,-0.005414,-0.002132
259084.562500,0.709673,1.500000,0.672389,9.235188,0.173138,10.000000,-0.005410,-0.002132
260108.562500,0.709673,1.500000,0.672389,9.242940,0.173687,10.000000,-0.005402,-0.002132
262156.562500,0.709675,1.500000,0.672390,9.258134,0.174783,10.000000,-0.005387,-0.002132
262668.562500,0.709675,1.500000,0.672390,9.261913,0.175056,10.000000,-0.005383,-0.002132
263692.562500,0.709676,1.500000,0.672390,9.269394,0.175603,10.000000,-0.005376,-0.002132
265740.562500,0.709677,1.500000,0.672390,9.284057,0.176695,10.000000,-0.005361,-0.002132
266252.562500,0.709677,1.500000,0.672390,9.287704,0.176968,10.000000,-0.005357,-0.002132
267276.562500,0.709678,1.500000,0.672391,9.294924,0.177512,10.000000,-0.005350,-0.002132
269324.562500,0.709679,1.500000,0.672391,9.309074,0.178600,10.000000,-0.005336,-0.002132
269836.562500,0.709680,1.500000,0.672391,9.312593,0.178872,10.000000,-0.005333,-0.002132
270860.562500,0.709680,1.500000,0.672391,9.319561,0.179415,10.000000,-0.005326,-0.002132
272908.562500,0.709682,1.500000,0.672391,9.333217,0.180499,10.000000,-0.005312,-0.002132
273420.562500,0.709682,1.500000,0.672391,9.336613,0.180769,10.000000,-0.005309,-0.002132
274444.562500,0.709683,1.500000,0.672392,9.343338,0.181311,10.000000,-0.005302,-0.002132
276492.562500,0.709684,1.500000,0.672392,9.356516,0.182390,10.000000,-0.005289,-0.002132
277004.562500,0.709684,1.500000,0.672392,9.359794,0.182660,10.000000,-0.005285,-0.002132
278028.562500,0.709685,1.500000,0.672392,9.366283,0.183199,10.000000,-0.005279,-0.002131
280076.562500,0.709686,1.500000,0.672392,9.379001,0.184275,10.000000,-0.005266,-0.002131
280588.562500,0.709686,1.500000,0.672392,9.382165,0.184544,10.000000,-0.005263,-0.002131
281612.562500,0.709687,1.500000,0.672393,9.388427,0.185081,10.000000,-0.005257,-0.002131
283660.562500,0.709688,1.500000,0.672393,9.400701,0.186154,10.000000,-0.005244,-0.002131
284172.562500,0.709689,1.500000,0.672393,9.403753,0.186422,10.000000,-0.005241,-0.002131
285196.562500,0.709689,1.500000,0.672393,9.409797,0.186957,10.000000,-0.005235,-0.002131
287244.562500,0.709691,1.500000,0.672393,9.421642,0.188025,10.000000,-0.005224,-0.002131
287756.562500,0.709691,1.500000,0.672393,9.424588,0.188292,10.000000,-0.005221,-0.002131
288780.562500,0.709692,1.500000,0.672394,9.430421,0.188826,10.000000,-0.005215,-0.002131
290828.562500,0.709693,1.500000,0.672394,9.441851,0.189890,10.000000,-0.005203,-0.002131
291340.562500,0.709693,1.500000,0.672394,9.444695,0.190156,10.000000,-0.005200,-0.002131
292364.562500,0.709694,1.500000,0.672394,9.450323,0.190688,10.000000,-0.005195,-0.002131
294412.562500,0.709695,1.500000,0.672394,9.461355,0.191748,10.000000,-0.005184,-0.002131
294924.562500,0.709695,1.500000,0.672394,9.464099,0.192013,10.000000,-0.005181,-0.002131
295948.562500,0.709696,1.500000,0.672395,9.469531,0.192543,10.000000,-0.005176,-0.002131
297996.562500,0.709697,1.500000,0.672395,9.480177,0.193600,10.000000,-0.005165,-0.002130
298508.562500,0.709698,1.500000,0.672395,9.482824,0.193864,10.000000,-0.005162,-0.002130
299532.562500,0.709698,1.500000,0.672395,9.488067,0.194392,10.000000,-0.005157,-0.002130
301580.562500,0.709700,1.500000,0.672395,9.498341,0.195445,10.000000,-0.005147,-0.002130
302092.562500,0.709700,1.500000,0.672395,9.500896,0.195708,10.000000,-0.005144,-0.002130
303116.562500,0.709701,1.500000,0.672396,9.505955,0.196234,10.000000,-0.005139,-0.002130
305164.562500,0.709702,1.500000,0.672396,9.515870,0.197283,10.000000,-0.005129,-0.002130
305676.562500,0.709702,1.500000,0.672396,9.518336,0.197546,10.000000,-0.005127,-0.002130
306700.562500,0.709703,1.500000,0.672396,9.523218,0.198069,10.000000,-0.005122,-0.002130
308748.562500,0.709704,1.500000,0.672396,9.532787,0.199115,10.000000,-0.005112,-0.002130
309260.562500,0.709704,1.500000,0.672396,9.535167,0.199376,10.000000,-0.005110,-0.002130
310284.562500,0.709705,1.500000,0.672397,9.539879,0.199898,10.000000,-0.005105,-0.002130
312332.562500,0.709706,1.500000,0.672397,9.549113,0.200940,10.000000,-0.005096,-0.002130
312844.562500,0.709707,1.500000,0.672397,9.551409,0.201201,10.000000,-0.005094,-0.002130
313868.562500,0.709707,1.500000,0.672397,9.555957,0.201721,10.000000,-0.005089,-0.002130
315916.562500,0.709708,1.500000,0.672397,9.564868,0.202759,10.000000,-0.005080,-0.002130
316428.562500,0.709709,1.500000,0.672397,9.567085,0.203019,10.000000,-0.005078,-0.002130
317452.562500,0.709709,1.500000,0.672398,9.571473,0.203537,10.000000,-0.005074,-0.002130
319500.562500,0.709711,1.500000,0.672398,9.580073,0.204571,10.000000,-0.005065,-0.002129
320012.562500,0.709711,1.500000,0.672398,9.582212,0.204830,10.000000,-0.005063,-0.002129
321036.562500,0.709712,1.500000,0.672398,9.586447,0.205346,10.000000,-0.005059,-0.002129
323084.562500,0.709713,1.500000,0.672398,9.594746,0.206377,10.000000,-0.005050,-0.002129
323596.562500,0.709713,1.500000,0.672398,9.596811,0.206635,10.000000,-0.005048,-0.002129
324620.562500,0.709714,1.500000,0.672399,9.600897,0.207149,10.000000,-0.005044,-0.002129
326668.562500,0.709715,1.500000,0.672399,9.608907,0.208177,10.000000,-0.005036,-0.002129
327180.562500,0.709715,1.500000,0.672399,9.610899,0.208433,10.000000,-0.005034,-0.002129
328204.562500,0.709716,1.500000,0.672399,9.614843,0.208946,10.000000,-0.005030,-0.002129
330252.562500,0.709717,1.500000,0.672399,9.622573,0.209970,10.000000,-0.005023,-0.002129
330764.562500,0.709717,1.500000,0.672399,9.624495,0.210225,10.000000,-0.005021,-0.002129
331788.562500,0.709718,1.500000,0.672400,9.628302,0.210736,10.000000,-0.005017,-0.002129
333836.562500,0.709719,1.500000,0.672400,9.635761,0.211756,10.000000,-0.005009,-0.002129
334348.562500,0.709720,1.500000,0.672400,9.637617,0.212011,10.000000,-0.005008,-0.002129
335372.562500,0.709720,1.500000,0.672400,9.641290,0.212520,10.000000,-0.005004,-0.002129
337420.562500,0.709721,1.500000,0.672400,9.648489,0.213536,10.000000,-0.004997,-0.002129
337932.562500,0.709722,1.500000,0.672400,9.650279,0.213790,10.000000,-0.004995,-0.002129
338956.562500,0.709722,1.500000,0.672401,9.653824,0.214297,10.000000,-0.004991,-0.002128
341004.562500,0.709724,1.500000,0.672401,9.660772,0.215310,10.000000,-0.004984,-0.002128
341516.562500,0.709724,1.500000,0.672401,9.662500,0.215563,10.000000,-0.004983,-0.002128
342540.562500,0.709725,1.500000,0.672401,9.665921,0.216068,10.000000,-0.004979,-0.002128
344588.562500,0.709726,1.500000,0.672401,9.672625,0.217077,10.000000,-0.004973,-0.002128
345100.562500,0.709726,1.500000,0.672401,9.674293,0.217330,10.000000,-0.004971,-0.002128
346124.562500,0.709727,1.500000,0.672402,9.677594,0.217833,10.000000,-0.004968,-0.002128
348172.562500,0.709728,1.500000,0.672402,9.684065,0.218839,10.000000,-0.004961,-0.002128
348684.562500,0.709728,1.500000,0.672402,9.685674,0.219090,10.000000,-0.004959,-0.002128
349708.562500,0.709729,1.500000,0.672402,9.688860,0.219592,10.000000,-0.004956,-0.002128
351756.562500,0.709730,1.500000,0.672402,9.695104,0.220593,10.000000,-0.004950,-0.002128
352268.562500,0.709730,1.500000,0.672402,9.696657,0.220844,10.000000,-0.004948,-0.002128
353292.562500,0.709731,1.500000,0.672403,9.699732,0.221344,10.000000,-0.004945,-0.002128
355340.562500,0.709732,1.500000,0.672403,9.705758,0.222342,10.000000,-0.004939,-0.002128
355852.562500,0.709732,1.500000,0.672403,9.707257,0.222591,10.000000,-0.004938,-0.002128
356876.562500,0.709733,1.500000,0.672403,9.710224,0.223090,10.000000,-0.004935,-0.002128
358924.562500,0.709734,1.500000,0.672403,9.716040,0.224084,10.000000,-0.004929,-0.002128
359436.562500,0.709735,1.500000,0.672403,9.717486,0.224333,10.000000,-0.004928,-0.002128
360460.562500,0.709735,1.500000,0.672403,9.720350,0.224829,10.000000,-0.004925,-0.002127
362508.562500,0.709736,1.500000,0.672404,9.725962,0.225821,10.000000,-0.004919,-0.002127
363020.562500,0.709737,1.500000,0.672404,9.727358,0.226068,10.000000,-0.004918,-0.002127
364044.562500,0.709737,1.500000,0.672404,9.730122,0.226563,10.000000,-0.004915,-0.002127
366092.562500,0.709738,1.500000,0.672404,9.735538,0.227550,10.000000,-0.004910,-0.002127
366604.562500,0.709739,1.500000,0.672404,9.736885,0.227797,10.000000,-0.004908,-0.002127
367628.562500,0.709739,1.500000,0.672404,9.739552,0.228290,10.000000,-0.004906,-0.002127
369676.562500,0.709741,1.500000,0.672405,9.744779,0.229274,10.000000,-0.004900,-0.002127
370188.562500,0.709741,1.500000,0.672405,9.746079,0.229520,10.000000,-0.004899,-0.002127
371212.562500,0.709741,1.500000,0.672405,9.748653,0.230011,10.000000,-0.004896,-0.002127
373260.562500,0.709743,1.500000,0.672405,9.753697,0.230992,10.000000,-0.004891,-0.002127
373772.562500,0.709743,1.500000,0.672405,9.754952,0.231237,10.000000,-0.004890,-0.002127
374796.562500,0.709744,1.500000,0.672405,9.757436,0.231726,10.000000,-0.004888,-0.002127
376844.562500,0.709745,1.500000,0.672406,9.762304,0.232703,10.000000,-0.004883,-0.002127
377356.562500,0.709745,1.500000,0.672406,9.763514,0.232947,10.000000,-0.004882,-0.002127
378380.562500,0.709746,1.500000,0.672406,9.765912,0.233435,10.000000,-0.004879,-0.002127
380428.562500,0.709747,1.500000,0.672406,9.770609,0.234409,10.000000,-0.004875,-0.002127
380940.562500,0.709747,1.500000,0.672406,9.771778,0.234652,10.000000,-0.004873,-0.002127
381964.562500,0.709748,1.500000,0.672406,9.774091,0.235138,10.000000,-0.004871,-0.002126
384012.562500,0.709749,1.500000,0.672407,9.778625,0.236108,10.000000,-0.004867,-0.002126
384524.562500,0.709749,1.500000,0.672407,9.779753,0.236350,10.000000,-0.004865,-0.002126
385548.562500,0.709750,1.500000,0.672407,9.781985,0.236835,10.000000,-0.004863,-0.002126
387596.562500,0.709751,1.500000,0.672407,9.786360,0.237801,10.000000,-0.004859,-0.002126
388108.562500,0.709751,1.500000,0.672407,9.787449,0.238043,10.000000,-0.004858,-0.002126
389132.562500,0.709752,1.500000,0.672407,9.789603,0.238525,10.000000,-0.004856,-0.002126
391180.562500,0.709753,1.500000,0.672407,9.793826,0.239488,10.000000,-0.004851,-0.002126
391692.562500,0.709753,1.500000,0.672408,9.794876,0.239729,10.000000,-0.004850,-0.002126
392716.562500,0.709754,1.500000,0.672408,9.796955,0.240210,10.000000,-0.004848,-0.002126
394764.562500,0.709755,1.500000,0.672408,9.801030,0.241169,10.000000,-0.004844,-0.002126
395276.562500,0.709755,1.500000,0.672408,9.802044,0.241409,10.000000,-0.004843,-0.002126
396300.562500,0.709756,1.500000,0.672408,9.804050,0.241888,10.000000,-0.004841,-0.002126
398348.562500,0.709757,1.500000,0.672408,9.807983,0.242844,10.000000,-0.004837,-0.002126
398860.562500,0.709757,1.500000,0.672408,9.808961,0.243083,10.000000,-0.004836,-0.002126
399884.562500,0.709758,1.500000,0.672409,9.810897,0.243561,10.000000,-0.004834,-0.002126
401932.562500,0.709759,1.500000,0.672409,9.814692,0.244514,10.000000,-0.004830,-0.002126
402444.562500,0.709759,1.500000,0.672409,9.815636,0.244752,10.000000,-0.004829,-0.002126
403468.562500,0.709760,1.500000,0.672409,9.817505,0.245227,10.000000,-0.004828,-0.002125
405516.562500,0.709761,1.500000,0.672409,9.821167,0.246177,10.000000,-0.004824,-0.002125
406028.562500,0.709761,1.500000,0.672409,9.822078,0.246414,10.000000,-0.004823,-0.002125
407052.562500,0.709762,1.500000,0.672409,9.823882,0.246888,10.000000,-0.004821,-0.002125
409100.562500,0.709763,1.500000,0.672410,9.827416,0.247834,10.000000,-0.004818,-0.002125
409612.562500,0.709763,1.500000,0.672410,9.828295,0.248070,10.000000,-0.004817,-0.002125
410636.562500,0.709764,1.500000,0.672410,9.830036,0.248543,10.000000,-0.004815,-0.002125
412684.562500,0.709765,1.500000,0.672410,9.833447,0.249485,10.000000,-0.004812,-0.002125
413196.562500,0.709765,1.500000,0.672410,9.834295,0.249721,10.000000,-0.004811,-0.002125
414220.562500,0.709766,1.500000,0.672410,9.835975,0.250192,10.000000,-0.004809,-0.002125
416268.562500,0.709767,1.500000,0.672411,9.839267,0.251131,10.000000,-0.004806,-0.002125
416780.562500,0.709767,1.500000,0.672411,9.840085,0.251366,10.000000,-0.004805,-0.002125
417804.562500,0.709768,1.500000,0.672411,9.841706,0.251834,10.000000,-0.004803,-0.002125
419852.562500,0.709769,1.500000,0.672411,9.844883,0.252770,10.000000,-0.004800,-0.002125
420364.562500,0.709769,1.500000,0.672411,9.845673,0.253004,10.000000,-0.004799,-0.002125
421388.562500,0.709770,1.500000,0.672411,9.847238,0.253472,10.000000,-0.004798,-0.002125
423436.562500,0.709771,1.500000,0.672412,9.850303,0.254404,10.000000,-0.004795,-0.002125
423948.562500,0.709771,1.500000,0.672412,9.851066,0.254637,10.000000,-0.004794,-0.002125
424972.562500,0.709772,1.500000,0.672412,9.852576,0.255103,10.000000,-0.004793,-0.002125
427020.562500,0.709773,1.500000,0.672412,9.855534,0.256032,10.000000,-0.004790,-0.002124
427532.562500,0.709773,1.500000,0.672412,9.856270,0.256264,10.000000,-0.004789,-0.002124
428556.562500,0.709774,1.500000,0.672412,9.857727,0.256728,10.000000,-0.004787,-0.002124
430604.562500,0.709775,1.500000,0.672412,9.860582,0.257654,10.000000,-0.004785,-0.002124
431116.562500,0.709775,1.500000,0.672413,9.861292,0.257885,10.000000,-0.004784,-0.002124
432140.562500,0.709776,1.500000,0.672413,9.862698,0.258348,10.000000,-0.004782,-0.002124
434188.562500,0.709777,1.500000,0.672413,9.865454,0.259270,10.000000,-0.004780,-0.002124
434700.562500,0.709777,1.500000,0.672413,9.866139,0.259501,10.000000,-0.004779,-0.002124
435724.562500,0.709778,1.500000,0.672413,9.867496,0.259961,10.000000,-0.004778,-0.002124
437772.562500,0.709779,1.500000,0.672413,9.870155,0.260881,10.000000,-0.004775,-0.002124
438284.562500,0.709779,1.500000,0.672413,9.870817,0.261111,10.000000,-0.004774,-0.002124
439308.562500,0.709780,1.500000,0.672414,9.872126,0.261569,10.000000,-0.004773,-0.002124
441356.562500,0.709781,1.500000,0.672414,9.874693,0.262486,10.000000,-0.004770,-0.002124
441868.562500,0.709781,1.500000,0.672414,9.875331,0.262714,10.000000,-0.004770,-0.002124
442892.562500,0.709782,1.500000,0.672414,9.876595,0.263172,10.000000,-0.004769,-0.002124
444940.562500,0.709783,1.500000,0.672414,9.879071,0.264085,10.000000,-0.004766,-0.002124
445452.562500,0.709783,1.500000,0.672414,9.879687,0.264313,10.000000,-0.004765,-0.002124
446476.562500,0.709784,1.500000,0.672414,9.880907,0.264768,10.000000,-0.004764,-0.002124
448524.562500,0.709785,1.500000,0.672415,9.883297,0.265678,10.000000,-0.004762,-0.002124
449036.562500,0.709785,1.500000,0.672415,9.883891,0.265905,10.000000,-0.004761,-0.002123
450060.562500,0.709785,1.500000,0.672415,9.885068,0.266359,10.000000,-0.004760,-0.002123
452108.562500,0.709787,1.500000,0.672415,9.887375,0.267265,10.000000,-0.004758,-0.002123
452620.562500,0.709787,1.500000,0.672415,9.887948,0.267492,10.000000,-0.004757,-0.002123
453644.562500,0.709787,1.500000,0.672415,9.889084,0.267944,10.000000,-0.004756,-0.002123
455692.562500,0.709788,1.500000,0.672416,9.891310,0.268847,10.000000,-0.004754,-0.002123
456204.562500,0.709789,1.500000,0.672416,9.891864,0.269073,10.000000,-0.004753,-0.002123
457228.562500,0.709789,1.500000,0.672416,9.892960,0.269524,10.000000,-0.004752,-0.002123
459276.562500,0.709790,1.500000,0.672416,9.895108,0.270424,10.000000,-0.004750,-0.002123
459788.562500,0.709791,1.500000,0.672416,9.895642,0.270649,10.000000,-0.004749,-0.002123
460812.562500,0.709791,1.500000,0.672416,9.896700,0.271098,10.000000,-0.004748,-0.002123
462860.562500,0.709792,1.500000,0.672416,9.898773,0.271994,10.000000,-0.004746,-0.002123
463372.562500,0.709793,1.500000,0.672416,9.899289,0.272218,10.000000,-0.004746,-0.002123
464396.562500,0.709793,1.500000,0.672417,9.900310,0.272666,10.000000,-0.004745,-0.002123
466444.562500,0.709794,1.500000,0.672417,9.902310,0.273559,10.000000,-0.004743,-0.002123
466956.562500,0.709794,1.500000,0.672417,9.902808,0.273783,10.000000,-0.004742,-0.002123
467980.562500,0.709795,1.500000,0.672417,9.903793,0.274229,10.000000,-0.004741,-0.002123
470028.562500,0.709796,1.500000,0.672417,9.905724,0.275119,10.000000,-0.004739,-0.002123
470540.562500,0.709796,1.500000,0.672417,9.906204,0.275341,10.000000,-0.004739,-0.002123
471564.562500,0.709797,1.500000,0.672417,9.907155,0.275786,10.000000,-0.004738,-0.002123
473612.562500,0.709798,1.500000,0.672418,9.909018,0.276673,10.000000,-0.004736,-0.002122
474124.562500,0.709798,1.500000,0.672418,9.909482,0.276894,10.000000,-0.004736,-0.002122
475148.562500,0.709799,1.500000,0.672418,9.910399,0.277337,10.000000,-0.004735,-0.002122
477196.562500,0.709800,1.500000,0.672418,9.912197,0.278221,10.000000,-0.004733,-0.002122
477708.562500,0.709800,1.500000,0.672418,9.912645,0.278442,10.000000,-0.004732,-0.002122
478732.562500,0.709801,1.500000,0.672418,9.913530,0.278883,10.000000,-0.004732,-0.002122
480780.562500,0.709802,1.500000,0.672419,9.915265,0.279764,10.000000,-0.004730,-0.002122
481292.562500,0.709802,1.500000,0.672419,9.915697,0.279984,10.000000,-0.004729,-0.002122
482316.562500,0.709803,1.500000,0.672419,9.916552,0.280424,10.000000,-0.004729,-0.002122
484364.562500,0.709804,1.500000,0.672419,9.918226,0.281301,10.000000,-0.004727,-0.002122
484876.562500,0.709804,1.500000,0.672419,9.918643,0.281521,10.000000,-0.004726,-0.002122
485900.562500,0.709804,1.500000,0.672419,9.919468,0.281959,10.000000,-0.004726,-0.002122
487948.562500,0.709805,1.500000,0.672419,9.921084,0.282833,10.000000,-0.004724,-0.002122
488460.562500,0.709806,1.500000,0.672419,9.921486,0.283052,10.000000,-0.004724,-0.002122
489484.562500,0.709806,1.500000,0.672420,9.922282,0.283488,10.000000,-0.004723,-0.002122
491532.562500,0.709807,1.500000,0.672420,9.923841,0.284360,10.000000,-0.004721,-0.002122
492044.562500,0.709808,1.500000,0.672420,9.924229,0.284577,10.000000,-0.004721,-0.002122
493068.562500,0.709808,1.500000,0.672420,9.924997,0.285012,10.000000,-0.004720,-0.002122
495116.562500,0.709809,1.500000,0.672420,9.926503,0.285880,10.000000,-0.004719,-0.002122
495628.562500,0.709809,1.500000,0.672420,9.926877,0.286097,10.000000,-0.004718,-0.002122
496652.562500,0.709810,1.500000,0.672420,9.927618,0.286531,10.000000,-0.004717,-0.002121
498700.562500,0.709811,1.500000,0.672421,9.929071,0.287396,10.000000,-0.004716,-0.002121
499212.562500,0.709811,1.500000,0.672421,9.929432,0.287612,10.000000,-0.004716,-0.002121
500236.562500,0.709812,1.500000,0.672421,9.930147,0.288044,10.000000,-0.004715,-0.002121
502284.562500,0.709813,1.500000,0.672421,9.931549,0.288906,10.000000,-0.004714,-0.002121
502796.562500,0.709813,1.500000,0.672421,9.931898,0.289121,10.000000,-0.004713,-0.002121
503820.562500,0.709814,1.500000,0.672421,9.932588,0.289552,10.000000,-0.004713,-0.002121
505868.562500,0.709815,1.500000,0.672421,9.933941,0.290411,10.000000,-0.004711,-0.002121
506380.562500,0.709815,1.500000,0.672421,9.934278,0.290625,10.000000,-0.004711,-0.002121
507404.562500,0.709815,1.500000,0.672422,9.934944,0.291054,10.000000,-0.004710,-0.002121
509452.562500,0.709816,1.500000,0.672422,9.936249,0.291910,10.000000,-0.004709,-0.002121
509964.562500,0.709817,1.500000,0.672422,9.936574,0.292124,10.000000,-0.004709,-0.002121
510988.562500,0.709817,1.500000,0.672422,9.937217,0.292551,10.000000,-0.004708,-0.002121
513036.562500,0.709818,1.500000,0.672422,9.938477,0.293404,10.000000,-0.004707,-0.002121
513548.562500,0.709819,1.500000,0.672422,9.938790,0.293617,10.000000,-0.004706,-0.002121
514572.562500,0.709819,1.500000,0.672422,9.939411,0.294043,10.000000,-0.004706,-0.002121
516620.562500,0.709820,1.500000,0.672423,9.940627,0.294893,10.000000,-0.004704,-0.002121
517132.562500,0.709820,1.500000,0.672423,9.940929,0.295105,10.000000,-0.004704,-0.002121
518156.562500,0.709821,1.500000,0.672423,9.941528,0.295529,10.000000,-0.004704,-0.002121
520204.562500,0.709822,1.500000,0.672423,9.942701,0.296376,10.000000,-0.004702,-0.002121
520716.562500,0.709822,1.500000,0.672423,9.942993,0.296587,10.000000,-0.004702,-0.002121
521740.562500,0.709823,1.500000,0.672423,9.943571,0.297010,10.000000,-0.004702,-0.002120
523788.562500,0.709824,1.500000,0.672423,9.944704,0.297854,10.000000,-0.004700,-0.002120
524300.562500,0.709824,1.500000,0.672424,9.944985,0.298065,10.000000,-0.004700,-0.002120
525324.562500,0.709824,1.500000,0.672424,9.945543,0.298486,10.000000,-0.004700,-0.002120
527372.562500,0.709825,1.500000,0.672424,9.946636,0.299327,10.000000,-0.004698,-0.002120
527884.562500,0.709826,1.500000,0.672424,9.946908,0.299537,10.000000,-0.004698,-0.002120
528908.562500,0.709826,1.500000,0.672424,9.947446,0.299956,10.000000,-0.004698,-0.002120
530956.562500,0.709827,1.500000,0.672424,9.948501,0.300794,10.000000,-0.004697,-0.002120
531468.562500,0.709828,1.500000,0.672424,9.948763,0.301003,10.000000,-0.004696,-0.002120
532492.562500,0.709828,1.500000,0.672424,9.949282,0.301422,10.000000,-0.004696,-0.002120
534540.562500,0.709829,1.500000,0.672425,9.950300,0.302256,10.000000,-0.004695,-0.002120
535052.562500,0.709829,1.500000,0.672425,9.950553,0.302465,10.000000,-0.004695,-0.002120
536076.562500,0.709830,1.500000,0.672425,9.951054,0.302882,10.000000,-0.004694,-0.002120
538124.562500,0.709831,1.500000,0.672425,9.952037,0.303713,10.000000,-0.004693,-0.002120
538636.562500,0.709831,1.500000,0.672425,9.952281,0.303921,10.000000,-0.004693,-0.002120
539660.562500,0.709832,1.500000,0.672425,9.952765,0.304336,10.000000,-0.004692,-0.002120
541708.562500,0.709833,1.500000,0.672425,9.953713,0.305165,10.000000,-0.004691,-0.002120
542220.562500,0.709833,1.500000,0.672426,9.953948,0.305372,10.000000,-0.004691,-0.002120
543244.562500,0.709833,1.500000,0.672426,9.954415,0.305786,10.000000,-0.004691,-0.002120
545292.562500,0.709834,1.500000,0.672426,9.955330,0.306612,10.000000,-0.004690,-0.002120
545804.562500,0.709835,1.500000,0.672426,9.955558,0.306818,10.000000,-0.004690,-0.002120
546828.562500,0.709835,1.500000,0.672426,9.956008,0.307230,10.000000,-0.004689,-0.002119
548876.562500,0.709836,1.500000,0.672426,9.956891,0.308053,10.000000,-0.004688,-0.002119
549388.562500,0.709836,1.500000,0.672426,9.957111,0.308259,10.000000,-0.004688,-0.002119
550412.562500,0.709837,1.500000,0.672426,9.957545,0.308670,10.000000,-0.004688,-0.002119
552460.562500,0.709838,1.500000,0.672427,9.958397,0.309490,10.000000,-0.004687,-0.002119
552972.562500,0.709838,1.500000,0.672427,9.958609,0.309694,10.000000,-0.004686,-0.002119
553996.562500,0.709839,1.500000,0.672427,9.959029,0.310104,10.000000,-0.004686,-0.002119
556044.562500,0.709840,1.500000,0.672427,9.959851,0.310921,10.000000,-0.004685,-0.002119
556556.562500,0.709840,1.500000,0.672427,9.960056,0.311125,10.000000,-0.004685,-0.002119
557580.562500,0.709840,1.500000,0.672427,9.960460,0.311533,10.000000,-0.004685,-0.002119
559628.562500,0.709841,1.500000,0.672427,9.961254,0.312347,10.000000,-0.004684,-0.002119
560140.562500,0.709842,1.500000,0.672427,9.961451,0.312550,10.000000,-0.004684,-0.002119
561164.562500,0.709842,1.500000,0.672428,9.961842,0.312957,10.000000,-0.004683,-0.002119
563212.562500,0.709843,1.500000,0.672428,9.962608,0.313768,10.000000,-0.004682,-0.002119
563724.562500,0.709843,1.500000,0.672428,9.962798,0.313971,10.000000,-0.004682,-0.002119
564748.562500,0.709844,1.500000,0.672428,9.963175,0.314375,10.000000,-0.004682,-0.002119
566796.562500,0.709845,1.500000,0.672428,9.963914,0.315184,10.000000,-0.004681,-0.002119
567308.562500,0.709845,1.500000,0.672428,9.964098,0.315386,10.000000,-0.004681,-0.002119
568332.562500,0.709845,1.500000,0.672428,9.964462,0.315789,10.000000,-0.004681,-0.002119
570380.562500,0.709846,1.500000,0.672429,9.965175,0.316595,10.000000,-0.004680,-0.002119
570892.562500,0.709847,1.500000,0.672429,9.965353,0.316796,10.000000,-0.004680,-0.002119
571916.562500,0.709847,1.500000,0.672429,9.965704,0.317198,10.000000,-0.004679,-0.002119
573964.562500,0.709848,1.500000,0.672429,9.966392,0.318000,10.000000,-0.004679,-0.002118
574476.562500,0.709848,1.500000,0.672429,9.966563,0.318201,10.000000,-0.004679,-0.002118
575500.562500,0.709849,1.500000,0.672429,9.966902,0.318602,10.000000,-0.004678,-0.002118
577548.562500,0.709850,1.500000,0.672429,9.967567,0.319401,10.000000,-0.004678,-0.002118
578060.562500,0.709850,1.500000,0.672429,9.967732,0.319601,10.000000,-0.004677,-0.002118
579084.562500,0.709851,1.500000,0.672430,9.968059,0.320000,10.000000,-0.004677,-0.002118
581132.562500,0.709852,1.500000,0.672430,9.968700,0.320797,10.000000,-0.004676,-0.002118
581644.562500,0.709852,1.500000,0.672430,9.968859,0.320996,10.000000,-0.004676,-0.002118
582668.562500,0.709852,1.500000,0.672430,9.969175,0.321394,10.000000,-0.004676,-0.002118
584716.562500,0.709853,1.500000,0.672430,9.969794,0.322188,10.000000,-0.004675,-0.002118
585228.562500,0.709854,1.500000,0.672430,9.969948,0.322386,10.000000,-0.004675,-0.002118
586252.562500,0.709854,1.500000,0.672430,9.970252,0.322783,10.000000,-0.004675,-0.002118
588300.562500,0.709855,1.500000,0.672431,9.970849,0.323574,10.000000,-0.004674,-0.002118
588812.562500,0.709855,1.500000,0.672431,9.970998,0.323771,10.000000,-0.004674,-0.002118
589836.562500,0.709856,1.500000,0.672431,9.971292,0.324166,10.000000,-0.004674,-0.002118
591884.562500,0.709857,1.500000,0.672431,9.971868,0.324955,10.000000,-0.004673,-0.002118
592396.562500,0.709857,1.500000,0.672431,9.972011,0.325152,10.000000,-0.004673,-0.002118
593420.562500,0.709857,1.500000,0.672431,9.972295,0.325545,10.000000,-0.004673,-0.002118
595468.562500,0.709858,1.500000,0.672431,9.972851,0.326331,10.000000,-0.004672,-0.002118
595980.562500,0.709859,1.500000,0.672431,9.972989,0.326527,10.000000,-0.004672,-0.002118
597004.562500,0.709859,1.500000,0.672431,9.973263,0.326919,10.000000,-0.004672,-0.002118
599052.562500,0.709860,1.500000,0.672432,9.973799,0.327702,10.000000,-0.004671,-0.002118
599564.562500,0.709860,1.500000,0.672432,9.973933,0.327897,10.000000,-0.004671,-0.002117
600588.562500,0.709861,1.500000,0.672432,9.974197,0.328288,10.000000,-0.004671,-0.002117
602636.562500,0.709862,1.500000,0.672432,9.974715,0.329068,10.000000,-0.004670,-0.002117
603148.562500,0.709862,1.500000,0.672432,9.974844,0.329263,10.000000,-0.004670,-0.002117
604172.562500,0.709862,1.500000,0.672432,9.975099,0.329652,10.000000,-0.004670,-0.002117
606220.562500,0.709863,1.500000,0.672432,9.975599,0.330429,10.000000,-0.004669,-0.002117
606732.562500,0.709864,1.500000,0.672432,9.975723,0.330623,10.000000,-0.004669,-0.002117
607756.562500,0.709864,1.500000,0.672433,9.975969,0.331011,10.000000,-0.004669,-0.002117
609804.562500,0.709865,1.500000,0.672433,9.976451,0.331785,10.000000,-0.004669,-0.002117
610316.562500,0.709865,1.500000,0.672433,9.976571,0.331979,10.000000,-0.004668,-0.002117
611340.562500,0.709866,1.500000,0.672433,9.976809,0.332366,10.000000,-0.004668,-0.002117
613388.562500,0.709867,1.500000,0.672433,9.977274,0.333137,10.000000,-0.004668,-0.002117
613900.562500,0.709867,1.500000,0.672433,9.977390,0.333330,10.000000,-0.004668,-0.002117
614924.562500,0.709867,1.500000,0.672433,9.977619,0.333715,10.000000,-0.004667,-0.002117
616972.562500,0.709868,1.500000,0.672433,9.978068,0.334484,10.000000,-0.004667,-0.002117
617484.562500,0.709868,1.500000,0.672434,9.978180,0.334676,10.000000,-0.004667,-0.002117
618508.562500,0.709869,1.500000,0.672434,9.978401,0.335060,10.000000,-0.004667,-0.002117
620556.562500,0.709870,1.500000,0.672434,9.978835,0.335826,10.000000,-0.004666,-0.002117
621068.562500,0.709870,1.500000,0.672434,9.978942,0.336017,10.000000,-0.004666,-0.002117
622092.562500,0.709871,1.500000,0.672434,9.979156,0.336400,10.000000,-0.004666,-0.002117
624140.562500,0.709871,1.500000,0.672434,9.979574,0.337163,10.000000,-0.004665,-0.002117
624652.562500,0.709872,1.500000,0.672434,9.979678,0.337354,10.000000,-0.004665,-0.002117
625676.562500,0.709872,1.500000,0.672434,9.979884,0.337735,10.000000,-0.004665,-0.002117
627724.562500,0.709873,1.500000,0.672435,9.980288,0.338495,10.000000,-0.004665,-0.002116
628236.562500,0.709873,1.500000,0.672435,9.980388,0.338685,10.000000,-0.004665,-0.002116
629260.562500,0.709874,1.500000,0.672435,9.980587,0.339065,10.000000,-0.004664,-0.002116
631308.562500,0.709875,1.500000,0.672435,9.980977,0.339823,10.000000,-0.004664,-0.002116
631820.562500,0.709875,1.500000,0.672435,9.981074,0.340012,10.000000,-0.004664,-0.002116
632844.562500,0.709875,1.500000,0.672435,9.981265,0.340391,10.000000,-0.004664,-0.002116
634892.562500,0.709876,1.500000,0.672435,9.981641,0.341146,10.000000,-0.004663,-0.002116
635404.562500,0.709877,1.500000,0.672435,9.981735,0.341335,10.000000,-0.004663,-0.002116
636428.562500,0.709877,1.500000,0.672435,9.981920,0.341712,10.000000,-0.004663,-0.002116
638476.562500,0.709878,1.500000,0.672436,9.982283,0.342464,10.000000,-0.004663,-0.002116
638988.562500,0.709878,1.500000,0.672436,9.982373,0.342652,10.000000,-0.004663,-0.002116
640012.562500,0.709879,1.500000,0.672436,9.982552,0.343028,10.000000,-0.004663,-0.002116
642060.562500,0.709880,1.500000,0.672436,9.982902,0.343777,10.000000,-0.004662,-0.002116
642572.562500,0.709880,1.500000,0.672436,9.982989,0.343965,10.000000,-0.004662,-0.002116
643596.562500,0.709880,1.500000,0.672436,9.983161,0.344339,10.000000,-0.004662,-0.002116
645644.562500,0.709881,1.500000,0.672436,9.983499,0.345086,10.000000,-0.004662,-0.002116
646156.562500,0.709881,1.500000,0.672436,9.983583,0.345273,10.000000,-0.004661,-0.002116
647180.562500,0.709882,1.500000,0.672437,9.983750,0.345646,10.000000,-0.004661,-0.002116
649228.562500,0.709883,1.500000,0.672437,9.984076,0.346390,10.000000,-0.004661,-0.002116
649740.562500,0.709883,1.500000,0.672437,9.984157,0.346576,10.000000,-0.004661,-0.002116
650764.562500,0.709883,1.500000,0.672437,9.984318,0.346948,10.000000,-0.004661,-0.002116
652812.562500,0.709884,1.500000,0.672437,9.984632,0.347690,10.000000,-0.004660,-0.002116
653324.562500,0.709885,1.500000,0.672437,9.984711,0.347875,10.000000,-0.004660,-0.002116
654348.562500,0.709885,1.500000,0.672437,9.984866,0.348245,10.000000,-0.004660,-0.002116
656396.562500,0.709886,1.500000,0.672437,9.985169,0.348984,10.000000,-0.004660,-0.002115
656908.562500,0.709886,1.500000,0.672438,9.985245,0.349169,10.000000,-0.004660,-0.002115
657932.562500,0.709887,1.500000,0.672438,9.985395,0.349538,10.000000,-0.004660,-0.002115
659980.562500,0.709887,1.500000,0.672438,9.985688,0.350275,10.000000,-0.004659,-0.002115
660492.562500,0.709888,1.500000,0.672438,9.985761,0.350459,10.000000,-0.004659,-0.002115
661516.562500,0.709888,1.500000,0.672438,9.985905,0.350826,10.000000,-0.004659,-0.002115
663564.562500,0.709889,1.500000,0.672438,9.986188,0.351560,10.000000,-0.004659,-0.002115
664076.562500,0.709889,1.500000,0.672438,9.986258,0.351744,10.000000,-0.004659,-0.002115
665100.562500,0.709890,1.500000,0.672438,9.986397,0.352110,10.000000,-0.004659,-0.002115
667148.562500,0.709891,1.500000,0.672439,9.986670,0.352841,10.000000,-0.004658,-0.002115
667660.562500,0.709891,1.500000,0.672439,9.986738,0.353024,10.000000,-0.004658,-0.002115
668684.562500,0.709891,1.500000,0.672439,9.986873,0.353389,10.000000,-0.004658,-0.002115
670732.562500,0.709892,1.500000,0.672439,9.987136,0.354118,10.000000,-0.004658,-0.002115
671244.562500,0.709892,1.500000,0.672439,9.987202,0.354300,10.000000,-0.004658,-0.002115
672268.562500,0.709893,1.500000,0.672439,9.987331,0.354663,10.000000,-0.004658,-0.002115
674316.562500,0.709894,1.500000,0.672439,9.987586,0.355389,10.000000,-0.004657,-0.002115
674828.562500,0.709894,1.500000,0.672439,9.987649,0.355571,10.000000,-0.004657,-0.002115
675852.562500,0.709894,1.500000,0.672439,9.987774,0.355933,10.000000,-0.004657,-0.002115
677900.562500,0.709895,1.500000,0.672440,9.988019,0.356657,10.000000,-0.004657,-0.002115
678412.562500,0.709895,1.500000,0.672440,9.988080,0.356838,10.000000,-0.004657,-0.002115
679436.562500,0.709896,1.500000,0.672440,9.988201,0.357199,10.000000,-0.004657,-0.002115
681484.562500,0.709897,1.500000,0.672440,9.988438,0.357920,10.000000,-0.004657,-0.002115
681996.562500,0.709897,1.500000,0.672440,9.988497,0.358100,10.000000,-0.004657,-0.002115
683020.562500,0.709897,1.500000,0.672440,9.988614,0.358460,10.000000,-0.004656,-0.002115
685068.562500,0.709898,1.500000,0.672440,9.988842,0.359178,10.000000,-0.004656,-0.002114
685580.562500,0.709899,1.500000,0.672440,9.988899,0.359357,10.000000,-0.004656,-0.002114
686604.562500,0.709899,1.500000,0.672440,9.989011,0.359716,10.000000,-0.004656,-0.002114
688652.562500,0.709900,1.500000,0.672441,9.989232,0.360432,10.000000,-0.004656,-0.002114
689164.562500,0.709900,1.500000,0.672441,9.989287,0.360610,10.000000,-0.004656,-0.002114
690188.562500,0.709900,1.500000,0.672441,9.989395,0.360968,10.000000,-0.004656,-0.002114
692236.562500,0.709901,1.500000,0.672441,9.989608,0.361681,10.000000,-0.004655,-0.002114
692748.562500,0.709902,1.500000,0.672441,9.989661,0.361859,10.000000,-0.004655,-0.002114
693772.562500,0.709902,1.500000,0.672441,9.989766,0.362215,10.000000,-0.004655,-0.002114
695820.562500,0.709903,1.500000,0.672441,9.989971,0.362926,10.000000,-0.004655,-0.002114
696332.562500,0.709903,1.500000,0.672441,9.990022,0.363103,10.000000,-0.004655,-0.002114
697356.562500,0.709903,1.500000,0.672441,9.990124,0.363458,10.000000,-0.004655,-0.002114
699404.562500,0.709904,1.500000,0.672442,9.990322,0.364166,10.000000,-0.004655,-0.002114
699916.562500,0.709905,1.500000,0.672442,9.990371,0.364343,10.000000,-0.004655,-0.002114
700940.562500,0.709905,1.500000,0.672442,9.990469,0.364697,10.000000,-0.004655,-0.002114
702988.562500,0.709906,1.500000,0.672442,9.990660,0.365402,10.000000,-0.004654,-0.002114
703500.562500,0.709906,1.500000,0.672442,9.990708,0.365578,10.000000,-0.004654,-0.002114
704524.562500,0.709907,1.500000,0.672442,9.990802,0.365931,10.000000,-0.004654,-0.002114
706572.562500,0.709907,1.500000,0.672442,9.990986,0.366634,10.000000,-0.004654,-0.002114
707084.562500,0.709908,1.500000,0.672442,9.991032,0.366809,10.000000,-0.004654,-0.002114
708108.562500,0.709908,1.500000,0.672442,9.991123,0.367160,10.000000,-0.004654,-0.002114
710156.562500,0.709909,1.500000,0.672443,9.991301,0.367861,10.000000,-0.004654,-0.002114
710668.562500,0.709909,1.500000,0.672443,9.991346,0.368036,10.000000,-0.004654,-0.002114
711692.562500,0.709910,1.500000,0.672443,9.991433,0.368386,10.000000,-0.004654,-0.002114
713740.562500,0.709910,1.500000,0.672443,9.991605,0.369084,10.000000,-0.004653,-0.002114
714252.562500,0.709911,1.500000,0.672443,9.991648,0.369258,10.000000,-0.004653,-0.002114
715276.562500,0.709911,1.500000,0.672443,9.991733,0.369606,10.000000,-0.004653,-0.002113
717324.562500,0.709912,1.500000,0.672443,9.991899,0.370302,10.000000,-0.004653,-0.002113
717836.562500,0.709912,1.500000,0.672443,9.991940,0.370476,10.000000,-0.004653,-0.002113
718860.562500,0.709912,1.500000,0.672443,9.992022,0.370823,10.000000,-0.004653,-0.002113
720908.562500,0.709913,1.500000,0.672444,9.992182,0.371516,10.000000,-0.004653,-0.002113
721420.562500,0.709914,1.500000,0.672444,9.992222,0.371689,10.000000,-0.004653,-0.002113
722444.562500,0.709914,1.500000,0.672444,9.992300,0.372035,10.000000,-0.004653,-0.002113
724492.562500,0.709915,1.500000,0.672444,9.992455,0.372726,10.000000,-0.004653,-0.002113
725004.562500,0.709915,1.500000,0.672444,9.992493,0.372898,10.000000,-0.004653,-0.002113
726028.562500,0.709915,1.500000,0.672444,9.992569,0.373243,10.000000,-0.004652,-0.002113
728076.562500,0.709916,1.500000,0.672444,9.992719,0.373931,10.000000,-0.004652,-0.002113
728588.562500,0.709916,1.500000,0.672444,9.992756,0.374103,10.000000,-0.004652,-0.002113
729612.562500,0.709917,1.500000,0.672444,9.992829,0.374447,10.000000,-0.004652,-0.002113
731660.562500,0.709918,1.500000,0.672445,9.992973,0.375132,10.000000,-0.004652,-0.002113
732172.562500,0.709918,1.500000,0.672445,9.993009,0.375304,10.000000,-0.004652,-0.002113
733196.562500,0.709918,1.500000,0.672445,9.993080,0.375646,10.000000,-0.004652,-0.002113
735244.562500,0.709919,1.500000,0.672445,9.993219,0.376329,10.000000,-0.004652,-0.002113
735756.562500,0.709919,1.500000,0.672445,9.993253,0.376500,10.000000,-0.004652,-0.002113
736780.562500,0.709920,1.500000,0.672445,9.993321,0.376841,10.000000,-0.004652,-0.002113
738828.562500,0.709921,1.500000,0.672445,9.993455,0.377522,10.000000,-0.004652,-0.002113
739340.562500,0.709921,1.500000,0.672445,9.993489,0.377692,10.000000,-0.004652,-0.002113
740364.562500,0.709921,1.500000,0.672445,9.993555,0.378032,10.000000,-0.004651,-0.002113
742412.562500,0.709922,1.500000,0.672446,9.993684,0.378710,10.000000,-0.004651,-0.002113
742924.562500,0.709922,1.500000,0.672446,9.993716,0.378879,10.000000,-0.004651,-0.002113
743948.562500,0.709923,1.500000,0.672446,9.993780,0.379218,10.000000,-0.004651,-0.002113
745996.562500,0.709924,1.500000,0.672446,9.993905,0.379894,10.000000,-0.004651,-0.002112
746508.562500,0.709924,1.500000,0.672446,9.993936,0.380063,10.000000,-0.004651,-0.002112
747532.562500,0.709924,1.500000,0.672446,9.993997,0.380400,10.000000,-0.004651,-0.002112
749580.562500,0.709925,1.500000,0.672446,9.994118,0.381074,10.000000,-0.004651,-0.002112
750092.562500,0.709925,1.500000,0.672446,9.994148,0.381242,10.000000,-0.004651,-0.002112
751116.562500,0.709926,1.500000,0.672446,9.994207,0.381578,10.000000,-0.004651,-0.002112
753164.562500,0.709926,1.500000,0.672447,9.994323,0.382249,10.000000,-0.004651,-0.002112
753676.562500,0.709927,1.500000,0.672447,9.994352,0.382417,10.000000,-0.004651,-0.002112
754700.562500,0.709927,1.500000,0.672447,9.994410,0.382752,10.000000,-0.004651,-0.002112
756748.562500,0.709928,1.500000,0.672447,9.994522,0.383421,10.000000,-0.004651,-0.002112
757260.562500,0.709928,1.500000,0.672447,9.994550,0.383588,10.000000,-0.004650,-0.002112
758284.562500,0.709928,1.500000,0.672447,9.994605,0.383922,10.000000,-0.004650,-0.002112
760332.562500,0.709929,1.500000,0.672447,9.994713,0.384588,10.000000,-0.004650,-0.002112
760844.562500,0.709929,1.500000,0.672447,9.994740,0.384754,10.000000,-0.004650,-0.002112
761868.562500,0.709930,1.500000,0.672447,9.994793,0.385087,10.000000,-0.004650,-0.002112
763916.562500,0.709931,1.500000,0.672448,9.994898,0.385751,10.000000,-0.004650,-0.002112
764428.562500,0.709931,1.500000,0.672448,9.994924,0.385917,10.000000,-0.004650,-0.002112
765452.562500,0.709931,1.500000,0.672448,9.994975,0.386248,10.000000,-0.004650,-0.002112
767500.562500,0.709932,1.500000,0.672448,9.995076,0.386910,10.000000,-0.004650,-0.002112
768012.562500,0.709932,1.500000,0.672448,9.995101,0.387075,10.000000,-0.004650,-0.002112
769036.562500,0.709933,1.500000,0.672448,9.995151,0.387405,10.000000,-0.004650,-0.002112
771084.562500,0.709933,1.500000,0.672448,9.995248,0.388065,10.000000,-0.004650,-0.002112
771596.562500,0.709934,1.500000,0.672448,9.995272,0.388229,10.000000,-0.004650,-0.002112
772620.562500,0.709934,1.500000,0.672448,9.995320,0.388558,10.000000,-0.004650,-0.002112
774668.562500,0.709935,1.500000,0.672448,9.995414,0.389215,10.000000,-0.004650,-0.002112
775180.562500,0.709935,1.500000,0.672449,9.995438,0.389379,10.000000,-0.004650,-0.002112
776204.562500,0.709935,1.500000,0.672449,9.995484,0.389707,10.000000,-0.004650,-0.002112
778252.562500,0.709936,1.500000,0.672449,9.995575,0.390362,10.000000,-0.004649,-0.002111
778764.562500,0.709936,1.500000,0.672449,9.995597,0.390525,10.000000,-0.004649,-0.002111
779788.562500,0.709937,1.500000,0.672449,9.995642,0.390852,10.000000,-0.004649,-0.002111
781836.562500,0.709938,1.500000,0.672449,9.995729,0.391504,10.000000,-0.004649,-0.002111
782348.562500,0.709938,1.500000,0.672449,9.995751,0.391667,10.000000,-0.004649,-0.002111
783372.562500,0.709938,1.500000,0.672449,9.995794,0.391993,10.000000,-0.004649,-0.002111
785420.562500,0.709939,1.500000,0.672449,9.995878,0.392643,10.000000,-0.004649,-0.002111
785932.562500,0.709939,1.500000,0.672449,9.995899,0.392805,10.000000,-0.004649,-0.002111
786956.562500,0.709940,1.500000,0.672450,9.995941,0.393129,10.000000,-0.004649,-0.002111
789004.562500,0.709940,1.500000,0.672450,9.996022,0.393777,10.000000,-0.004649,-0.002111
789516.562500,0.709941,1.500000,0.672450,9.996043,0.393939,10.000000,-0.004649,-0.002111
790540.562500,0.709941,1.500000,0.672450,9.996083,0.394262,10.000000,-0.004649,-0.002111
792588.562500,0.709942,1.500000,0.672450,9.996161,0.394907,10.000000,-0.004649,-0.002111
793100.562500,0.709942,1.500000,0.672450,9.996181,0.395068,10.000000,-0.004649,-0.002111
794124.562500,0.709942,1.500000,0.672450,9.996220,0.395390,10.000000,-0.004649,-0.002111
796172.562500,0.709943,1.500000,0.672450,9.996296,0.396033,10.000000,-0.004649,-0.002111
796684.562500,0.709943,1.500000,0.672450,9.996314,0.396194,10.000000,-0.004649,-0.002111
797708.562500,0.709944,1.500000,0.672450,9.996352,0.396515,10.000000,-0.004649,-0.002111
799756.562500,0.709945,1.500000,0.672451,9.996425,0.397155,10.000000,-0.004649,-0.002111
800268.562500,0.709945,1.500000,0.672451,9.996443,0.397316,10.000000,-0.004649,-0.002111
801292.562500,0.709945,1.500000,0.672451,9.996479,0.397635,10.000000,-0.004649,-0.002111
803340.562500,0.709946,1.500000,0.672451,9.996550,0.398274,10.000000,-0.004648,-0.002111
803852.562500,0.709946,1.500000,0.672451,9.996567,0.398433,10.000000,-0.004648,-0.002111
804876.562500,0.709947,1.500000,0.672451,9.996602,0.398752,10.000000,-0.004648,-0.002111
806924.562500,0.709947,1.500000,0.672451,9.996670,0.399388,10.000000,-0.004648,-0.002111
807436.562500,0.709948,1.500000,0.672451,9.996687,0.399547,10.000000,-0.004648,-0.002111
808460.562500,0.709948,1.500000,0.672451,9.996721,0.399864,10.000000,-0.004648,-0.002111
810508.562500,0.709949,1.500000,0.672452,9.996787,0.400498,10.000000,-0.004648,-0.002110
811020.562500,0.709949,1.500000,0.672452,9.996803,0.400656,10.000000,-0.004648,-0.002110
812044.562500,0.709949,1.500000,0.672452,9.996836,0.400973,10.000000,-0.004648,-0.002110
814092.562500,0.709950,1.500000,0.672452,9.996899,0.401604,10.000000,-0.004648,-0.002110
814604.562500,0.709950,1.500000,0.672452,9.996915,0.401762,10.000000,-0.004648,-0.002110
815628.562500,0.709951,1.500000,0.672452,9.996946,0.402077,10.000000,-0.004648,-0.002110
817676.562500,0.709951,1.500000,0.672452,9.997007,0.402707,10.000000,-0.004648,-0.002110
818188.562500,0.709952,1.500000,0.672452,9.997023,0.402864,10.000000,-0.004648,-0.002110
819212.562500,0.709952,1.500000,0.672452,9.997053,0.403178,10.000000,-0.004648,-0.002110
821260.562500,0.709953,1.500000,0.672452,9.997112,0.403805,10.000000,-0.004648,-0.002110
821772.562500,0.709953,1.500000,0.672453,9.997127,0.403962,10.000000,-0.004648,-0.002110
822796.562500,0.709953,1.500000,0.672453,9.997156,0.404275,10.000000,-0.004648,-0.002110
824844.562500,0.709954,1.500000,0.672453,9.997213,0.404899,10.000000,-0.004648,-0.002110
825356.562500,0.709954,1.500000,0.672453,9.997227,0.405055,10.000000,-0.004648,-0.002110
826380.562500,0.709955,1.500000,0.672453,9.997255,0.405367,10.000000,-0.004648,-0.002110
828428.562500,0.709955,1.500000,0.672453,9.997310,0.405990,10.000000,-0.004648,-0.002110
828940.562500,0.709956,1.500000,0.672453,9.997324,0.406145,10.000000,-0.004648,-0.002110
829964.562500,0.709956,1.500000,0.672453,9.997351,0.406456,10.000000,-0.004648,-0.002110
832012.562500,0.709957,1.500000,0.672453,9.997404,0.407077,10.000000,-0.004648,-0.002110
832524.562500,0.709957,1.500000,0.672453,9.997418,0.407232,10.000000,-0.004648,-0.002110
833548.562500,0.709957,1.500000,0.672454,9.997444,0.407541,10.000000,-0.004648,-0.002110
835596.562500,0.709958,1.500000,0.672454,9.997495,0.408159,10.000000,-0.004648,-0.002110
836108.562500,0.709958,1.500000,0.672454,9.997508,0.408314,10.000000,-0.004648,-0.002110
837132.562500,0.709959,1.500000,0.672454,9.997533,0.408622,10.000000,-0.004647,-0.002110
839180.562500,0.709959,1.500000,0.672454,9.997583,0.409238,10.000000,-0.004647,-0.002110
839692.562500,0.709960,1.500000,0.672454,9.997595,0.409392,10.000000,-0.004647,-0.002110
840716.562500,0.709960,1.500000,0.672454,9.997619,0.409700,10.000000,-0.004647,-0.002110
842764.562500,0.709961,1.500000,0.672454,9.997667,0.410313,10.000000,-0.004647,-0.002110
843276.562500,0.709961,1.500000,0.672454,9.997679,0.410467,10.000000,-0.004647,-0.002110
844300.562500,0.709961,1.500000,0.672454,9.997702,0.410773,10.000000,-0.004647,-0.002109
846348.562500,0.709962,1.500000,0.672455,9.997749,0.411384,10.000000,-0.004647,-0.002109
846860.562500,0.709962,1.500000,0.672455,9.997760,0.411537,10.000000,-0.004647,-0.002109
847884.562500,0.709963,1.500000,0.672455,9.997783,0.411842,10.000000,-0.004647,-0.002109
849932.562500,0.709963,1.500000,0.672455,9.997827,0.412452,10.000000,-0.004647,-0.002109
850444.562500,0.709963,1.500000,0.672455,9.997838,0.412604,10.000000,-0.004647,-0.002109
851468.562500,0.709964,1.500000,0.672455,9.997860,0.412908,10.000000,-0.004647,-0.002109
853516.562500,0.709965,1.500000,0.672455,9.997903,0.413515,10.000000,-0.004647,-0.002109
854028.562500,0.709965,1.500000,0.672455,9.997914,0.413667,10.000000,-0.004647,-0.002109
855052.562500,0.709965,1.500000,0.672455,9.997935,0.413970,10.000000,-0.004647,-0.002109
857100.562500,0.709966,1.500000,0.672455,9.997976,0.414575,10.000000,-0.004647,-0.002109
857612.562500,0.709966,1.500000,0.672455,9.997987,0.414726,10.000000,-0.004647,-0.002109
858636.562500,0.709966,1.500000,0.672456,9.998007,0.415028,10.000000,-0.004647,-0.002109
860684.562500,0.709967,1.500000,0.672456,9.998047,0.415631,10.000000,-0.004647,-0.002109
861196.562500,0.709967,1.500000,0.672456,9.998057,0.415782,10.000000,-0.004647,-0.002109
862220.562500,0.709968,1.500000,0.672456,9.998077,0.416083,10.000000,-0.004647,-0.002109
864268.562500,0.709968,1.500000,0.672456,9.998115,0.416683,10.000000,-0.004647,-0.002109
864780.562500,0.709969,1.500000,0.672456,9.998125,0.416833,10.000000,-0.004647,-0.002109
865804.562500,0.709969,1.500000,0.672456,9.998144,0.417133,10.000000,-0.004647,-0.002109
867852.562500,0.709970,1.500000,0.672456,9.998181,0.417732,10.000000,-0.004647,-0.002109
868364.562500,0.709970,1.500000,0.672456,9.998190,0.417881,10.000000,-0.004647,-0.002109
869388.562500,0.709970,1.500000,0.672456,9.998209,0.418180,10.000000,-0.004647,-0.002109
871436.562500,0.709971,1.500000,0.672457,9.998245,0.418776,10.000000,-0.004647,-0.002109
871948.562500,0.709971,1.500000,0.672457,9.998254,0.418925,10.000000,-0.004647,-0.002109
872972.562500,0.709972,1.500000,0.672457,9.998271,0.419223,10.000000,-0.004647,-0.002109
875020.562500,0.709972,1.500000,0.672457,9.998306,0.419817,10.000000,-0.004647,-0.002109
875532.562500,0.709972,1.500000,0.672457,9.998315,0.419966,10.000000,-0.004647,-0.002109
876556.562500,0.709973,1.500000,0.672457,9.998332,0.420263,10.000000,-0.004647,-0.002109
878604.562500,0.709974,1.500000,0.672457,9.998365,0.420855,10.000000,-0.004647,-0.002109
879116.562500,0.709974,1.500000,0.672457,9.998374,0.421003,10.000000,-0.004647,-0.002108
880140.562500,0.709974,1.500000,0.672457,9.998390,0.421298,10.000000,-0.004647,-0.002108
882188.562500,0.709975,1.500000,0.672457,9.998422,0.421888,10.000000,-0.004647,-0.002108
882700.562500,0.709975,1.500000,0.672457,9.998430,0.422036,10.000000,-0.004647,-0.002108
883724.562500,0.709975,1.500000,0.672458,9.998446,0.422330,10.000000,-0.004647,-0.002108
885772.562500,0.709976,1.500000,0.672458,9.998478,0.422918,10.000000,-0.004647,-0.002108
886284.562500,0.709976,1.500000,0.672458,9.998485,0.423065,10.000000,-0.004647,-0.002108
887308.562500,0.709977,1.500000,0.672458,9.998501,0.423359,10.000000,-0.004647,-0.002108
889356.562500,0.709977,1.500000,0.672458,9.998531,0.423944,10.000000,-0.004646,-0.002108
889868.562500,0.709977,1.500000,0.672458,9.998538,0.424091,10.000000,-0.004646,-0.002108
890892.562500,0.709978,1.500000,0.672458,9.998553,0.424383,10.000000,-0.004646,-0.002108
892940.562500,0.709979,1.500000,0.672458,9.998582,0.424967,10.000000,-0.004646,-0.002108
893452.562500,0.709979,1.500000,0.672458,9.998589,0.425113,10.000000,-0.004646,-0.002108
894476.562500,0.709979,1.500000,0.672458,9.998604,0.425404,10.000000,-0.004646,-0.002108
896524.562500,0.709980,1.500000,0.672459,9.998632,0.425986,10.000000,-0.004646,-0.002108
897036.562500,0.709980,1.500000,0.672459,9.998639,0.426131,10.000000,-0.004646,-0.002108
898060.562500,0.709980,1.500000,0.672459,9.998652,0.426421,10.000000,-0.004646,-0.002108
900108.562500,0.709981,1.500000,0.672459,9.998679,0.427001,10.000000,-0.004646,-0.002108
900620.562500,0.709981,1.500000,0.672459,9.998686,0.427146,10.000000,-0.004646,-0.002108
901644.562500,0.709982,1.500000,0.672459,9.998699,0.427435,10.000000,-0.004646,-0.002108
903692.562500,0.709982,1.500000,0.672459,9.998726,0.428013,10.000000,-0.004646,-0.002108
904204.562500,0.709982,1.500000,0.672459,9.998732,0.428157,10.000000,-0.004646,-0.002108
905228.562500,0.709983,1.500000,0.672459,9.998745,0.428445,10.000000,-0.004646,-0.002108
907276.562500,0.709983,1.500000,0.672459,9.998770,0.429021,10.000000,-0.004646,-0.002108
907788.562500,0.709984,1.500000,0.672459,9.998776,0.429164,10.000000,-0.004646,-0.002108
908812.562500,0.709984,1.500000,0.672460,9.998789,0.429452,10.000000,-0.004646,-0.002108
910860.562500,0.709985,1.500000,0.672460,9.998813,0.430025,10.000000,-0.004646,-0.002108
911372.562500,0.709985,1.500000,0.672460,9.998819,0.430168,10.000000,-0.004646,-0.002108
912396.562500,0.709985,1.500000,0.672460,9.998831,0.430454,10.000000,-0.004646,-0.002108
914444.562500,0.709986,1.500000,0.672460,9.998855,0.431026,10.000000,-0.004646,-0.002108
914956.562500,0.709986,1.500000,0.672460,9.998860,0.431169,10.000000,-0.004646,-0.002108
915980.562500,0.709986,1.500000,0.672460,9.998872,0.431454,10.000000,-0.004646,-0.002107
918028.562500,0.709987,1.500000,0.672460,9.998895,0.432023,10.000000,-0.004646,-0.002107
918540.562500,0.709987,1.500000,0.672460,9.998900,0.432165,10.000000,-0.004646,-0.002107
919564.562500,0.709988,1.500000,0.672460,9.998911,0.432449,10.000000,-0.004646,-0.002107
921612.562500,0.709988,1.500000,0.672461,9.998933,0.433017,10.000000,-0.004646,-0.002107
922124.562500,0.709989,1.500000,0.672461,9.998939,0.433158,10.000000,-0.004646,-0.002107
923148.562500,0.709989,1.500000,0.672461,9.998949,0.433442,10.000000,-0.004646,-0.002107
925196.562500,0.709990,1.500000,0.672461,9.998970,0.434007,10.000000,-0.004646,-0.002107
925708.562500,0.709990,1.500000,0.672461,9.998976,0.434148,10.000000,-0.004646,-0.002107
926732.562500,0.709990,1.500000,0.672461,9.998986,0.434430,10.000000,-0.004646,-0.002107
928780.562500,0.709991,1.500000,0.672461,9.999006,0.434993,10.000000,-0.004646,-0.002107
929292.562500,0.709991,1.500000,0.672461,9.999012,0.435134,10.000000,-0.004646,-0.002107
930316.562500,0.709991,1.500000,0.672461,9.999022,0.435415,10.000000,-0.004646,-0.002107
932364.562500,0.709992,1.500000,0.672461,9.999041,0.435977,10.000000,-0.004646,-0.002107
932876.562500,0.709992,1.500000,0.672461,9.999046,0.436117,10.000000,-0.004646,-0.002107
933900.562500,0.709993,1.500000,0.672461,9.999056,0.436397,10.000000,-0.004646,-0.002107
935948.562500,0.709993,1.500000,0.672462,9.999075,0.436956,10.000000,-0.004646,-0.002107
936460.562500,0.709993,1.500000,0.672462,9.999079,0.437096,10.000000,-0.004646,-0.002107
937484.562500,0.709994,1.500000,0.672462,9.999089,0.437375,10.000000,-0.004646,-0.002107
939532.562500,0.709994,1.500000,0.672462,9.999107,0.437932,10.000000,-0.004646,-0.002107
940044.562500,0.709995,1.500000,0.672462,9.999112,0.438071,10.000000,-0.004646,-0.002107
941068.562500,0.709995,1.500000,0.672462,9.999121,0.438350,10.000000,-0.004646,-0.002107
943116.562500,0.709996,1.500000,0.672462,9.999138,0.438905,10.000000,-0.004646,-0.002107
943628.562500,0.709996,1.500000,0.672462,9.999143,0.439043,10.000000,-0.004646,-0.002107
944652.562500,0.709996,1.500000,0.672462,9.999151,0.439321,10.000000,-0.004646,-0.002107
946700.562500,0.709997,1.500000,0.672462,9.999168,0.439874,10.000000,-0.004646,-0.002107
947212.562500,0.709997,1.500000,0.672462,9.999173,0.440012,10.000000,-0.004646,-0.002107
948236.562500,0.709997,1.500000,0.672463,9.999181,0.440288,10.000000,-0.004646,-0.002107
950284.562500,0.709998,1.500000,0.672463,9.999197,0.440839,10.000000,-0.004646,-0.002107
950796.562500,0.709998,1.500000,0.672463,9.999201,0.440977,10.000000,-0.004646,-0.002107
951820.562500,0.709998,1.500000,0.672463,9.999210,0.441252,10.000000,-0.004646,-0.002107
953868.562500,0.709999,1.500000,0.672463,9.999225,0.441802,10.000000,-0.004646,-0.002106
954380.562500,0.709999,1.500000,0.672463,9.999229,0.441939,10.000000,-0.004646,-0.002106
955404.562500,0.710000,1.500000,0.672463,9.999237,0.442213,10.000000,-0.004646,-0.002106
957452.562500,0.710000,1.500000,0.672463,9.999252,0.442760,10.000000,-0.004646,-0.002106
957964.562500,0.710000,1.500000,0.672463,9.999256,0.442897,10.000000,-0.004646,-0.002106
958988.562500,0.710001,1.500000,0.672463,9.999264,0.443170,10.000000,-0.004646,-0.002106
961036.562500,0.710001,1.500000,0.672463,9.999279,0.443716,10.000000,-0.004646,-0.002106
961548.562500,0.710002,1.500000,0.672463,9.999282,0.443852,10.000000,-0.004646,-0.002106
962572.562500,0.710002,1.500000,0.672464,9.999290,0.444124,10.000000,-0.004646,-0.002106
964620.562500,0.710003,1.500000,0.672464,9.999304,0.444668,10.000000,-0.004646,-0.002106
965132.562500,0.710003,1.500000,0.672464,9.999307,0.444804,10.000000,-0.004646,-0.002106
966156.562500,0.710003,1.500000,0.672464,9.999314,0.445075,10.000000,-0.004646,-0.002106
968204.562500,0.710004,1.500000,0.672464,9.999328,0.445616,10.000000,-0.004646,-0.002106
968716.562500,0.710004,1.500000,0.672464,9.999332,0.445752,10.000000,-0.004646,-0.002106
969740.562500,0.710004,1.500000,0.672464,9.999338,0.446022,10.000000,-0.004646,-0.002106
971788.562500,0.710005,1.500000,0.672464,9.999352,0.446561,10.000000,-0.004646,-0.002106
972300.562500,0.710005,1.500000,0.672464,9.999355,0.446696,10.000000,-0.004646,-0.002106
973324.562500,0.710005,1.500000,0.672464,9.999361,0.446966,10.000000,-0.004646,-0.002106
975372.562500,0.710006,1.500000,0.672464,9.999374,0.447503,10.000000,-0.004646,-0.002106
975884.562500,0.710006,1.500000,0.672465,9.999377,0.447638,10.000000,-0.004646,-0.002106
976908.562500,0.710007,1.500000,0.672465,9.999384,0.447906,10.000000,-0.004646,-0.002106
978956.562500,0.710007,1.500000,0.672465,9.999396,0.448442,10.000000,-0.004646,-0.002106
979468.562500,0.710007,1.500000,0.672465,9.999399,0.448575,10.000000,-0.004646,-0.002106
980492.562500,0.710008,1.500000,0.672465,9.999405,0.448843,10.000000,-0.004646,-0.002106
982540.562500,0.710008,1.500000,0.672465,9.999417,0.449377,10.000000,-0.004646,-0.002106
983052.562500,0.710009,1.500000,0.672465,9.999420,0.449510,10.000000,-0.004646,-0.002106
984076.562500,0.710009,1.500000,0.672465,9.999426,0.449777,10.000000,-0.004646,-0.002106
986124.562500,0.710010,1.500000,0.672465,9.999438,0.450308,10.000000,-0.004646,-0.002106
986636.562500,0.710010,1.500000,0.672465,9.999440,0.450441,10.000000,-0.004646,-0.002106
987660.562500,0.710010,1.500000,0.672465,9.999446,0.450707,10.000000,-0.004646,-0.002106
989708.562500,0.710011,1.500000,0.672466,9.999457,0.451237,10.000000,-0.004646,-0.002106
990220.562500,0.710011,1.500000,0.672466,9.999460,0.451369,10.000000,-0.004646,-0.002106
991244.562500,0.710011,1.500000,0.672466,9.999466,0.451634,10.000000,-0.004646,-0.002106
993292.562500,0.710012,1.500000,0.672466,9.999476,0.452162,10.000000,-0.004646,-0.002105
993804.562500,0.710012,1.500000,0.672466,9.999479,0.452294,10.000000,-0.004646,-0.002105
994828.562500,0.710012,1.500000,0.672466,9.999484,0.452557,10.000000,-0.004646,-0.002105
996876.562500,0.710013,1.500000,0.672466,9.999495,0.453084,10.000000,-0.004645,-0.002105
997388.562500,0.710013,1.500000,0.672466,9.999497,0.453215,10.000000,-0.004645,-0.002105
998412.562500,0.710013,1.500000,0.672466,9.999502,0.453478,10.000000,-0.004645,-0.002105
1000460.562500,0.710014,1.500000,0.672466,9.999512,0.454002,10.000000,-0.004645,-0.002105
1000972.562500,0.710014,1.500000,0.672466,9.999515,0.454133,10.000000,-0.004645,-0.002105
1001996.562500,0.710015,1.500000,0.672466,9.999520,0.454395,10.000000,-0.004645,-0.002105
1004044.562500,0.710015,1.500000,0.672467,9.999529,0.454917,10.000000,-0.004645,-0.002105
1004556.562500,0.710015,1.500000,0.672467,9.999532,0.455048,10.000000,-0.004645,-0.002105
1005580.562500,0.710016,1.500000,0.672467,9.999536,0.455309,10.000000,-0.004645,-0.002105
1007628.562500,0.710016,1.500000,0.672467,9.999546,0.455829,10.000000,-0.004645,-0.002105
1008140.562500,0.710016,1.500000,0.672467,9.999548,0.455959,10.000000,-0.004645,-0.002105
1009164.562500,0.710017,1.500000,0.672467,9.999553,0.456219,10.000000,-0.004645,-0.002105
1011212.562500,0.710017,1.500000,0.672467,9.999562,0.456738,10.000000,-0.004645,-0.002105
1011724.562500,0.710018,1.500000,0.672467,9.999564,0.456868,10.000000,-0.004645,-0.002105
1012748.562500,0.710018,1.500000,0.672467,9.999568,0.457127,10.000000,-0.004645,-0.002105
1014796.562500,0.710018,1.500000,0.672467,9.999577,0.457643,10.000000,-0.004645,-0.002105
1015308.562500,0.710019,1.500000,0.672467,9.999579,0.457773,10.000000,-0.004645,-0.002105
1016332.562500,0.710019,1.500000,0.672467,9.999583,0.458031,10.000000,-0.004645,-0.002105
1018380.562500,0.710020,1.500000,0.672468,9.999592,0.458546,10.000000,-0.004645,-0.002105
1018892.562500,0.710020,1.500000,0.672468,9.999594,0.458674,10.000000,-0.004645,-0.002105
1019916.562500,0.710020,1.500000,0.672468,9.999598,0.458931,10.000000,-0.004645,-0.002105
1021964.562500,0.710021,1.500000,0.672468,9.999606,0.459445,10.000000,-0.004645,-0.002105
1022476.562500,0.710021,1.500000,0.672468,9.999608,0.459573,10.000000,-0.004645,-0.002105
1023500.562500,0.710021,1.500000,0.672468,9.999612,0.459829,10.000000,-0.004645,-0.002105
1025548.562500,0.710022,1.500000,0.672468,9.999620,0.460340,10.000000,-0.004645,-0.002105
1026060.562500,0.710022,1.500000,0.672468,9.999622,0.460468,10.000000,-0.004645,-0.002105
1027084.562500,0.710022,1.500000,0.672468,9.999625,0.460723,10.000000,-0.004645,-0.002105
1029132.562500,0.710023,1.500000,0.672468,9.999633,0.461233,10.000000,-0.004645,-0.002105
1029644.562500,0.710023,1.500000,0.672468,9.999635,0.461360,10.000000,-0.004645,-0.002105
1030668.562500,0.710023,1.500000,0.672468,9.999639,0.461615,10.000000,-0.004645,-0.002105
1032716.562500,0.710024,1.500000,0.672468,9.999646,0.462122,10.000000,-0.004645,-0.002105
1033228.562500,0.710024,1.500000,0.672469,9.999648,0.462249,10.000000,-0.004645,-0.002105
1034252.562500,0.710024,1.500000,0.672469,9.999651,0.462503,10.000000,-0.004645,-0.002104
1036300.562500,0.710025,1.500000,0.672469,9.999658,0.463009,10.000000,-0.004645,-0.002104
1036812.562500,0.710025,1.500000,0.672469,9.999660,0.463135,10.000000,-0.004645,-0.002104
1037836.562500,0.710026,1.500000,0.672469,9.999663,0.463387,10.000000,-0.004645,-0.002104
1039884.562500,0.710026,1.500000,0.672469,9.999670,0.463892,10.000000,-0.004645,-0.002104
1040396.562500,0.710026,1.500000,0.672469,9.999672,0.464018,10.000000,-0.004645,-0.002104
1041420.562500,0.710027,1.500000,0.672469,9.999675,0.464269,10.000000,-0.004645,-0.002104
1043468.562500,0.710027,1.500000,0.672469,9.999682,0.464771,10.000000,-0.004645,-0.002104
1043980.562500,0.710027,1.500000,0.672469,9.999683,0.464897,10.000000,-0.004645,-0.002104
1045004.562500,0.710028,1.500000,0.672469,9.999686,0.465148,10.000000,-0.004645,-0.002104
1047052.562500,0.710028,1.500000,0.672469,9.999693,0.465648,10.000000,-0.004645,-0.002104
1047564.562500,0.710028,1.500000,0.672469,9.999694,0.465773,10.000000,-0.004645,-0.002104
1048588.562500,0.710029,1.500000,0.672470,9.999697,0.466023,10.000000,-0.004645,-0.002104
1050636.562500,0.710029,1.500000,0.672470,9.999704,0.466522,10.000000,-0.004645,-0.002104
1051148.562500,0.710030,1.500000,0.672470,9.999705,0.466646,10.000000,-0.004645,-0.002104
1052172.562500,0.710030,1.500000,0.672470,9.999708,0.466895,10.000000,-0.004645,-0.002104
1054220.562500,0.710030,1.500000,0.672470,9.999714,0.467392,10.000000,-0.004645,-0.002104
1054732.562500,0.710031,1.500000,0.672470,9.999715,0.467517,10.000000,-0.004645,-0.002104
1055756.562500,0.710031,1.500000,0.672470,9.999718,0.467765,10.000000,-0.004645,-0.002104
1057804.562500,0.710031,1.500000,0.672470,9.999724,0.468260,10.000000,-0.004645,-0.002104
1058316.562500,0.710032,1.500000,0.672470,9.999725,0.468383,10.000000,-0.004645,-0.002104
1059340.562500,0.710032,1.500000,0.672470,9.999728,0.468631,10.000000,-0.004645,-0.002104
1061388.562500,0.710033,1.500000,0.672470,9.999734,0.469124,10.000000,-0.004645,-0.002104
1061900.562500,0.710033,1.500000,0.672470,9.999735,0.469247,10.000000,-0.004645,-0.002104
1062924.562500,0.710033,1.500000,0.672471,9.999738,0.469494,10.000000,-0.004645,-0.002104
1064972.562500,0.710034,1.500000,0.672471,9.999743,0.469985,10.000000,-0.004645,-0.002104
1065484.562500,0.710034,1.500000,0.672471,9.999744,0.470108,10.000000,-0.004645,-0.002104
1066508.562500,0.710034,1.500000,0.672471,9.999747,0.470354,10.000000,-0.004645,-0.002104
1068556.562500,0.710035,1.500000,0.672471,9.999752,0.470843,10.000000,-0.004645,-0.002104
1069068.562500,0.710035,1.500000,0.672471,9.999753,0.470966,10.000000,-0.004645,-0.002104
1070092.562500,0.710035,1.500000,0.672471,9.999756,0.471210,10.000000,-0.004645,-0.002104
1072140.562500,0.710036,1.500000,0.672471,9.999760,0.471698,10.000000,-0.004645,-0.002104
1072652.562500,0.710036,1.500000,0.672471,9.999762,0.471820,10.000000,-0.004645,-0.002104
1073676.562500,0.710036,1.500000,0.672471,9.999764,0.472064,10.000000,-0.004645,-0.002104
1075724.562500,0.710037,1.500000,0.672471,9.999769,0.472551,10.000000,-0.004645,-0.002104
1076236.562500,0.710037,1.500000,0.672471,9.999770,0.472672,10.000000,-0.004645,-0.002104
1077260.562500,0.710037,1.500000,0.672471,9.999772,0.472915,10.000000,-0.004645,-0.002103
1079308.562500,0.710038,1.500000,0.672472,9.999777,0.473399,10.000000,-0.004645,-0.002103
1079820.562500,0.710038,1.500000,0.672472,9.999778,0.473521,10.000000,-0.004645,-0.002103
1080844.562500,0.710038,1.500000,0.672472,9.999780,0.473763,10.000000,-0.004645,-0.002103
1082892.562500,0.710039,1.500000,0.672472,9.999785,0.474245,10.000000,-0.004645,-0.002103
1083404.562500,0.710039,1.500000,0.672472,9.999786,0.474366,10.000000,-0.004645,-0.002103
1084428.562500,0.710039,1.500000,0.672472,9.999788,0.474607,10.000000,-0.004645,-0.002103
1086476.562500,0.710040,1.500000,0.672472,9.999792,0.475088,10.000000,-0.004645,-0.002103
1086988.562500,0.710040,1.500000,0.672472,9.999793,0.475209,10.000000,-0.004645,-0.002103
1088012.562500,0.710040,1.500000,0.672472,9.999795,0.475449,10.000000,-0.004645,-0.002103
1090060.562500,0.710041,1.500000,0.672472,9.999800,0.475928,10.000000,-0.004645,-0.002103
1090572.562500,0.710041,1.500000,0.672472,9.999801,0.476048,10.000000,-0.004645,-0.002103
1091596.562500,0.710041,1.500000,0.672472,9.999803,0.476287,10.000000,-0.004645,-0.002103
1093644.562500,0.710042,1.500000,0.672473,9.999807,0.476765,10.000000,-0.004645,-0.002103
1094156.562500,0.710042,1.500000,0.672473,9.999808,0.476885,10.000000,-0.004645,-0.002103
1095180.562500,0.710042,1.500000,0.672473,9.999809,0.477123,10.000000,-0.004645,-0.002103
1097228.562500,0.710043,1.500000,0.672473,9.999813,0.477599,10.000000,-0.004645,-0.002103
1097740.562500,0.710043,1.500000,0.672473,9.999814,0.477718,10.000000,-0.004645,-0.002103
1098764.562500,0.710043,1.500000,0.672473,9.999816,0.477956,10.000000,-0.004645,-0.002103
1100812.562500,0.710044,1.500000,0.672473,9.999820,0.478430,10.000000,-0.004645,-0.002103
1101324.562500,0.710044,1.500000,0.672473,9.999821,0.478549,10.000000,-0.004645,-0.002103
1102348.562500,0.710044,1.500000,0.672473,9.999823,0.478785,10.000000,-0.004645,-0.002103
1104396.562500,0.710045,1.500000,0.672473,9.999826,0.479258,10.000000,-0.004645,-0.002103
1104908.562500,0.710045,1.500000,0.672473,9.999827,0.479376,10.000000,-0.004645,-0.002103
1105932.562500,0.710045,1.500000,0.672473,9.999829,0.479612,10.000000,-0.004645,-0.002103
1107980.562500,0.710046,1.500000,0.672473,9.999832,0.480083,10.000000,-0.004645,-0.002103
1108492.562500,0.710046,1.500000,0.672473,9.999833,0.480201,10.000000,-0.004645,-0.002103
1109516.562500,0.710046,1.500000,0.672474,9.999835,0.480436,10.000000,-0.004645,-0.002103
1111564.562500,0.710047,1.500000,0.672474,9.999838,0.480905,10.000000,-0.004645,-0.002103
1112076.562500,0.710047,1.500000,0.672474,9.999839,0.481022,10.000000,-0.004645,-0.002103
1113100.562500,0.710047,1.500000,0.672474,9.999841,0.481257,10.000000,-0.004645,-0.002103
1115148.562500,0.710048,1.500000,0.672474,9.999844,0.481724,10.000000,-0.004645,-0.002103
1115660.562500,0.710048,1.500000,0.672474,9.999845,0.481841,10.000000,-0.004645,-0.002103
1116684.562500,0.710048,1.500000,0.672474,9.999846,0.482075,10.000000,-0.004645,-0.002103
1118732.562500,0.710049,1.500000,0.672474,9.999849,0.482541,10.000000,-0.004645,-0.002103
1119244.562500,0.710049,1.500000,0.672474,9.999850,0.482657,10.000000,-0.004645,-0.002103
1120268.562500,0.710049,1.500000,0.672474,9.999851,0.482890,10.000000,-0.004645,-0.002103
1122316.562500,0.710050,1.500000,0.672474,9.999854,0.483354,10.000000,-0.004645,-0.002102
1122828.562500,0.710050,1.500000,0.672474,9.999855,0.483470,10.000000,-0.004645,-0.002102
1123852.562500,0.710050,1.500000,0.672474,9.999857,0.483702,10.000000,-0.004645,-0.002102
1125900.562500,0.710051,1.500000,0.672475,9.999860,0.484164,10.000000,-0.004645,-0.002102
1126412.562500,0.710051,1.500000,0.672475,9.999860,0.484280,10.000000,-0.004645,-0.002102
1127436.562500,0.710051,1.500000,0.672475,9.999862,0.484511,10.000000,-0.004645,-0.002102
1129484.562500,0.710052,1.500000,0.672475,9.999864,0.484972,10.000000,-0.004645,-0.002102
1129996.562500,0.710052,1.500000,0.672475,9.999865,0.485087,10.000000,-0.004645,-0.002102
1131020.562500,0.710052,1.500000,0.672475,9.999866,0.485317,10.000000,-0.004645,-0.002102
1133068.562500,0.710053,1.500000,0.672475,9.999869,0.485776,10.000000,-0.004645,-0.002102
1133580.562500,0.710053,1.500000,0.672475,9.999870,0.485891,10.000000,-0.004645,-0.002102
1134604.562500,0.710053,1.500000,0.672475,9.999871,0.486120,10.000000,-0.004645,-0.002102
1136652.562500,0.710054,1.500000,0.672475,9.999874,0.486578,10.000000,-0.004645,-0.002102
1137164.562500,0.710054,1.500000,0.672475,9.999874,0.486693,10.000000,-0.004645,-0.002102
1138188.562500,0.710054,1.500000,0.672475,9.999876,0.486921,10.000000,-0.004645,-0.002102
1140236.562500,0.710055,1.500000,0.672475,9.999878,0.487377,10.000000,-0.004645,-0.002102
1140748.562500,0.710055,1.500000,0.672475,9.999879,0.487491,10.000000,-0.004645,-0.002102
1141772.562500,0.710055,1.500000,0.672476,9.999880,0.487719,10.000000,-0.004645,-0.002102
1143820.562500,0.710056,1.500000,0.672476,9.999882,0.488173,10.000000,-0.004645,-0.002102
1144332.562500,0.710056,1.500000,0.672476,9.999883,0.488287,10.000000,-0.004645,-0.002102
1145356.562500,0.710056,1.500000,0.672476,9.999884,0.488514,10.000000,-0.004645,-0.002102
1147404.562500,0.710057,1.500000,0.672476,9.999887,0.488966,10.000000,-0.004645,-0.002102
1147916.562500,0.710057,1.500000,0.672476,9.999887,0.489079,10.000000,-0.004645,-0.002102
1148940.562500,0.710057,1.500000,0.672476,9.999888,0.489305,10.000000,-0.004645,-0.002102
1150988.562500,0.710058,1.500000,0.672476,9.999890,0.489757,10.000000,-0.004645,-0.002102
1151500.562500,0.710058,1.500000,0.672476,9.999891,0.489869,10.000000,-0.004645,-0.002102
1152524.562500,0.710058,1.500000,0.672476,9.999892,0.490095,10.000000,-0.004645,-0.002102
1154572.562500,0.710059,1.500000,0.672476,9.999894,0.490544,10.000000,-0.004645,-0.002102
1155084.562500,0.710059,1.500000,0.672476,9.999895,0.490657,10.000000,-0.004645,-0.002102
1156108.562500,0.710059,1.500000,0.672476,9.999896,0.490881,10.000000,-0.004645,-0.002102
1158156.562500,0.710060,1.500000,0.672477,9.999898,0.491329,10.000000,-0.004645,-0.002102
1158668.562500,0.710060,1.500000,0.672477,9.999899,0.491441,10.000000,-0.004645,-0.002102
1159692.562500,0.710060,1.500000,0.672477,9.999900,0.491665,10.000000,-0.004645,-0.002102
1161740.562500,0.710061,1.500000,0.672477,9.999902,0.492111,10.000000,-0.004645,-0.002102
1162252.562500,0.710061,1.500000,0.672477,9.999902,0.492222,10.000000,-0.004645,-0.002102
1163276.562500,0.710061,1.500000,0.672477,9.999903,0.492445,10.000000,-0.004645,-0.002102
1165324.562500,0.710062,1.500000,0.672477,9.999905,0.492890,10.000000,-0.004645,-0.002102
1165836.562500,0.710062,1.500000,0.672477,9.999905,0.493001,10.000000,-0.004645,-0.002102
1166860.562500,0.710062,1.500000,0.672477,9.999906,0.493223,10.000000,-0.004645,-0.002102
1168908.562500,0.710063,1.500000,0.672477,9.999908,0.493666,10.000000,-0.004645,-0.002101
1169420.562500,0.710063,1.500000,0.672477,9.999909,0.493777,10.000000,-0.004645,-0.002101
1170444.562500,0.710063,1.500000,0.672477,9.999910,0.493998,10.000000,-0.004645,-0.002101
1172492.562500,0.710064,1.500000,0.672477,9.999912,0.494440,10.000000,-0.004645,-0.002101
1173004.562500,0.710064,1.500000,0.672477,9.999912,0.494550,10.000000,-0.004645,-0.002101
1174028.562500,0.710064,1.500000,0.672477,9.999913,0.494771,10.000000,-0.004645,-0.002101
1176076.562500,0.710065,1.500000,0.672478,9.999915,0.495211,10.000000,-0.004645,-0.002101
1176588.562500,0.710065,1.500000,0.672478,9.999915,0.495321,10.000000,-0.004645,-0.002101
1177612.562500,0.710065,1.500000,0.672478,9.999916,0.495540,10.000000,-0.004645,-0.002101
1179660.562500,0.710065,1.500000,0.672478,9.999918,0.495979,10.000000,-0.004645,-0.002101
1180172.562500,0.710066,1.500000,0.672478,9.999918,0.496088,10.000000,-0.004645,-0.002101
1181196.562500,0.710066,1.500000,0.672478,9.999919,0.496307,10.000000,-0.004645,-0.002101
1183244.562500,0.710066,1.500000,0.672478,9.999920,0.496744,10.000000,-0.004645,-0.002101
1183756.562500,0.710067,1.500000,0.672478,9.999921,0.496853,10.000000,-0.004645,-0.002101
1184780.562500,0.710067,1.500000,0.672478,9.999922,0.497071,10.000000,-0.004645,-0.002101
1186828.562500,0.710067,1.500000,0.672478,9.999923,0.497507,10.000000,-0.004645,-0.002101
1187340.562500,0.710067,1.500000,0.672478,9.999924,0.497616,10.000000,-0.004645,-0.002101
1188364.562500,0.710068,1.500000,0.672478,9.999924,0.497833,10.000000,-0.004645,-0.002101
1190412.562500,0.710068,1.500000,0.672478,9.999926,0.498267,10.000000,-0.004645,-0.002101
1190924.562500,0.710068,1.500000,0.672478,9.999926,0.498375,10.000000,-0.004645,-0.002101
1191948.562500,0.710069,1.500000,0.672479,9.999927,0.498592,10.000000,-0.004645,-0.002101
1193996.562500,0.710069,1.500000,0.672479,9.999929,0.499024,10.000000,-0.004645,-0.002101
1194508.562500,0.710069,1.500000,0.672479,9.999929,0.499132,10.000000,-0.004645,-0.002101
1195532.562500,0.710070,1.500000,0.672479,9.999930,0.499348,10.000000,-0.004645,-0.002101
1197580.562500,0.710070,1.500000,0.672479,9.999931,0.499778,10.000000,-0.004645,-0.002101
1198092.562500,0.710070,1.500000,0.672479,9.999931,0.499886,10.000000,-0.004645,-0.002101
1199116.562500,0.710071,1.500000,0.672479,9.999932,0.500101,10.000000,-0.004645,-0.002101
1201164.562500,0.710071,1.500000,0.672479,9.999933,0.500530,10.000000,-0.004645,-0.002101
1201676.562500,0.710071,1.500000,0.672479,9.999934,0.500637,10.000000,-0.004645,-0.002101
1202700.562500,0.710071,1.500000,0.672479,9.999934,0.500852,10.000000,-0.004645,-0.002101
1204748.562500,0.710072,1.500000,0.672479,9.999936,0.501279,10.000000,-0.004645,-0.002101
1205260.562500,0.710072,1.500000,0.672479,9.999936,0.501386,10.000000,-0.004645,-0.002101
1206284.562500,0.710072,1.500000,0.672479,9.999937,0.501599,10.000000,-0.004645,-0.002101
1208332.562500,0.710073,1.500000,0.672479,9.999938,0.502026,10.000000,-0.004645,-0.002101
1208844.562500,0.710073,1.500000,0.672479,9.999938,0.502132,10.000000,-0.004645,-0.002101
1209868.562500,0.710073,1.500000,0.672480,9.999939,0.502345,10.000000,-0.004645,-0.002101
1211916.562500,0.710074,1.500000,0.672480,9.999940,0.502769,10.000000,-0.004645,-0.002101
1212428.562500,0.710074,1.500000,0.672480,9.999940,0.502875,10.000000,-0.004645,-0.002101
1213452.562500,0.710074,1.500000,0.672480,9.999941,0.503087,10.000000,-0.004645,-0.002101
1215500.562500,0.710075,1.500000,0.672480,9.999942,0.503510,10.000000,-0.004645,-0.002101
1216012.562500,0.710075,1.500000,0.672480,9.999943,0.503616,10.000000,-0.004645,-0.002101
1217036.562500,0.710075,1.500000,0.672480,9.999943,0.503827,10.000000,-0.004645,-0.002100
1219084.562500,0.710076,1.500000,0.672480,9.999944,0.504249,10.000000,-0.004645,-0.002100
1219596.562500,0.710076,1.500000,0.672480,9.999945,0.504354,10.000000,-0.004645,-0.002100
1220620.562500,0.710076,1.500000,0.672480,9.999945,0.504565,10.000000,-0.004645,-0.002100
1222668.562500,0.710076,1.500000,0.672480,9.999946,0.504985,10.000000,-0.004645,-0.002100
1223180.562500,0.710077,1.500000,0.672480,9.999947,0.505090,10.000000,-0.004645,-0.002100
1224204.562500,0.710077,1.500000,0.672480,9.999947,0.505299,10.000000,-0.004645,-0.002100
1226252.562500,0.710077,1.500000,0.672480,9.999948,0.505718,10.000000,-0.004645,-0.002100
1226764.562500,0.710078,1.500000,0.672480,9.999948,0.505822,10.000000,-0.004645,-0.002100
1227788.562500,0.710078,1.500000,0.672481,9.999949,0.506031,10.000000,-0.004645,-0.002100
1229836.562500,0.710078,1.500000,0.672481,9.999950,0.506448,10.000000,-0.004645,-0.002100
1230348.562500,0.710078,1.500000,0.672481,9.999950,0.506553,10.000000,-0.004645,-0.002100
1231372.562500,0.710079,1.500000,0.672481,9.999951,0.506761,10.000000,-0.004645,-0.002100
1233420.562500,0.710079,1.500000,0.672481,9.999952,0.507176,10.000000,-0.004645,-0.002100
1233932.562500,0.710079,1.500000,0.672481,9.999952,0.507280,10.000000,-0.004645,-0.002100
1234956.562500,0.710080,1.500000,0.672481,9.999952,0.507488,10.000000,-0.004645,-0.002100
1237004.562500,0.710080,1.500000,0.672481,9.999953,0.507902,10.000000,-0.004645,-0.002100
1237516.562500,0.710080,1.500000,0.672481,9.999954,0.508005,10.000000,-0.004645,-0.002100
1238540.562500,0.710080,1.500000,0.672481,9.999954,0.508212,10.000000,-0.004645,-0.002100
1240588.562500,0.710081,1.500000,0.672481,9.999955,0.508624,10.000000,-0.004645,-0.002100
1241100.562500,0.710081,1.500000,0.672481,9.999955,0.508727,10.000000,-0.004645,-0.002100
1242124.562500,0.710081,1.500000,0.672481,9.999956,0.508933,10.000000,-0.004645,-0.002100
1244172.562500,0.710082,1.500000,0.672481,9.999957,0.509345,10.000000,-0.004645,-0.002100
1244684.562500,0.710082,1.500000,0.672481,9.999957,0.509447,10.000000,-0.004645,-0.002100
1245708.562500,0.710082,1.500000,0.672482,9.999957,0.509653,10.000000,-0.004645,-0.002100
1247756.562500,0.710083,1.500000,0.672482,9.999958,0.510062,10.000000,-0.004645,-0.002100
1248268.562500,0.710083,1.500000,0.672482,9.999958,0.510165,10.000000,-0.004645,-0.002100
1249292.562500,0.710083,1.500000,0.672482,9.999959,0.510369,10.000000,-0.004645,-0.002100
1251340.562500,0.710084,1.500000,0.672482,9.999960,0.510777,10.000000,-0.004645,-0.002100
1251852.562500,0.710084,1.500000,0.672482,9.999960,0.510879,10.000000,-0.004645,-0.002100
1252876.562500,0.710084,1.500000,0.672482,9.999960,0.511083,10.000000,-0.004645,-0.002100
1254924.562500,0.710084,1.500000,0.672482,9.999961,0.511490,10.000000,-0.004645,-0.002100
1255436.562500,0.710085,1.500000,0.672482,9.999961,0.511591,10.000000,-0.004645,-0.002100
1256460.562500,0.710085,1.500000,0.672482,9.999962,0.511794,10.000000,-0.004645,-0.002100
1258508.562500,0.710085,1.500000,0.672482,9.999962,0.512200,10.000000,-0.004645,-0.002100
1259020.562500,0.710085,1.500000,0.672482,9.999963,0.512301,10.000000,-0.004645,-0.002100
1260044.562500,0.710086,1.500000,0.672482,9.999963,0.512503,10.000000,-0.004645,-0.002100
1262092.562500,0.710086,1.500000,0.672482,9.999964,0.512907,10.000000,-0.004645,-0.002100
1262604.562500,0.710086,1.500000,0.672482,9.999964,0.513008,10.000000,-0.004645,-0.002100
1263628.562500,0.710087,1.500000,0.672483,9.999964,0.513210,10.000000,-0.004645,-0.002100
1265676.562500,0.710087,1.500000,0.672483,9.999965,0.513612,10.000000,-0.004645,-0.002100
1266188.562500,0.710087,1.500000,0.672483,9.999965,0.513712,10.000000,-0.004645,-0.002100
1267212.562500,0.710087,1.500000,0.672483,9.999965,0.513913,10.000000,-0.004645,-0.002100
1269260.562500,0.710088,1.500000,0.672483,9.999966,0.514314,10.000000,-0.004645,-0.002099
1269772.562500,0.710088,1.500000,0.672483,9.999966,0.514414,10.000000,-0.004645,-0.002099
1270796.562500,0.710088,1.500000,0.672483,9.999967,0.514615,10.000000,-0.004645,-0.002099
1272844.562500,0.710089,1.500000,0.672483,9.999967,0.515014,10.000000,-0.004645,-0.002099
1273356.562500,0.710089,1.500000,0.672483,9.999967,0.515114,10.000000,-0.004645,-0.002099
